init_value,remaining_value,remaining_norm,total_cost,cost_norm,objective,destruction,fires,time_s,size,scale,instance,method
16.0,3.5362,0.221,440.0,1.0,0.221,0.779,9,0.0,5M_5N_5T,Small,0,heuristic
29.0,2.8266,0.0975,560.0,1.0,0.0975,0.9025,11,0.0,5M_5N_5T,Small,1,heuristic
25.0,6.0434,0.2417,410.0,1.0,0.2417,0.7583,9,0.0,5M_5N_5T,Small,2,heuristic
32.0,4.4691,0.1397,880.0,1.0,0.1397,0.8603,12,0.0,5M_5N_5T,Small,3,heuristic
19.0,0.9405,0.0495,600.0,0.8696,0.0495,0.9505,13,0.0,5M_5N_5T,Small,4,heuristic
37.0,2.9757,0.0804,730.0,1.0,0.0804,0.9196,10,0.0,5M_5N_5T,Small,5,heuristic
20.0,2.1276,0.1064,570.0,1.0,0.1064,0.8936,10,0.0,5M_5N_5T,Small,6,heuristic
27.0,3.2694,0.1211,690.0,0.8961,0.1211,0.8789,9,0.0,5M_5N_5T,Small,7,heuristic
28.0,7.2791,0.26,660.0,1.0,0.26,0.74,10,0.0,5M_5N_5T,Small,8,heuristic
31.0,2.6987,0.0871,890.0,1.0,0.0871,0.9129,13,0.0,5M_5N_5T,Small,9,heuristic
24.0,5.1133,0.2131,500.0,1.0,0.2131,0.7869,8,0.0,5M_5N_5T,Small,10,heuristic
30.0,5.391,0.1797,640.0,1.0,0.1797,0.8203,10,0.0,5M_5N_5T,Small,11,heuristic
23.0,7.442,0.3236,510.0,1.0,0.3236,0.6764,8,0.0,5M_5N_5T,Small,12,heuristic
35.0,10.2025,0.2915,530.0,1.0,0.2915,0.7085,9,0.0,5M_5N_5T,Small,13,heuristic
19.0,2.8989,0.1526,570.0,1.0,0.1526,0.8474,11,0.001,5M_5N_5T,Small,14,heuristic
21.0,2.786,0.1327,350.0,1.0,0.1327,0.8673,11,0.0,5M_5N_5T,Small,15,heuristic
33.0,10.5488,0.3197,460.0,1.0,0.3197,0.6803,9,0.0,5M_5N_5T,Small,16,heuristic
23.0,3.6332,0.158,510.0,0.9107,0.158,0.842,9,0.0,5M_5N_5T,Small,17,heuristic
31.0,2.1073,0.068,570.0,1.0,0.068,0.932,12,0.0,5M_5N_5T,Small,18,heuristic
25.0,3.1787,0.1271,600.0,1.0,0.1271,0.8729,11,0.0,5M_5N_5T,Small,19,heuristic
34.0,9.5763,0.2817,670.0,1.0,0.2817,0.7183,9,0.0,5M_5N_5T,Small,20,heuristic
30.0,5.6534,0.1884,550.0,1.0,0.1884,0.8116,10,0.0,5M_5N_5T,Small,21,heuristic
26.0,7.5795,0.2915,690.0,1.0,0.2915,0.7085,8,0.0,5M_5N_5T,Small,22,heuristic
29.0,2.7365,0.0944,520.0,1.0,0.0944,0.9056,10,0.0,5M_5N_5T,Small,23,heuristic
19.0,1.5439,0.0813,450.0,0.8491,0.0813,0.9187,10,0.0,5M_5N_5T,Small,24,heuristic
17.0,3.5212,0.2071,500.0,1.0,0.2071,0.7929,8,0.0,5M_5N_5T,Small,25,heuristic
33.0,2.4617,0.0746,450.0,1.0,0.0746,0.9254,11,0.0,5M_5N_5T,Small,26,heuristic
44.0,8.959,0.2036,540.0,1.0,0.2036,0.7964,11,0.0,5M_5N_5T,Small,27,heuristic
44.0,6.3579,0.1445,630.0,0.7778,0.1445,0.8555,10,0.0,5M_5N_5T,Small,28,heuristic
16.0,3.4431,0.2152,650.0,1.0,0.2152,0.7848,11,0.0,5M_5N_5T,Small,29,heuristic
21.0,0.9795,0.0466,640.0,1.0,0.0466,0.9534,10,0.0,5M_5N_5T,Small,30,heuristic
31.0,10.6822,0.3446,440.0,1.0,0.3446,0.6554,9,0.0,5M_5N_5T,Small,31,heuristic
17.0,1.3865,0.0816,620.0,1.0,0.0816,0.9184,10,0.0,5M_5N_5T,Small,32,heuristic
25.0,3.5965,0.1439,670.0,1.0,0.1439,0.8561,11,0.0,5M_5N_5T,Small,33,heuristic
31.0,3.0314,0.0978,700.0,1.0,0.0978,0.9022,12,0.0,5M_5N_5T,Small,34,heuristic
30.0,4.352,0.1451,800.0,1.0,0.1451,0.8549,10,0.0,5M_5N_5T,Small,35,heuristic
31.0,8.3013,0.2678,410.0,1.0,0.2678,0.7322,8,0.0,5M_5N_5T,Small,36,heuristic
25.0,3.0824,0.1233,580.0,1.0,0.1233,0.8767,11,0.0,5M_5N_5T,Small,37,heuristic
34.0,3.5527,0.1045,760.0,1.0,0.1045,0.8955,12,0.0,5M_5N_5T,Small,38,heuristic
28.0,6.3562,0.227,430.0,1.0,0.227,0.773,9,0.0,5M_5N_5T,Small,39,heuristic
35.0,5.4506,0.1557,520.0,0.8254,0.1557,0.8443,9,0.0,5M_5N_5T,Small,40,heuristic
32.0,13.4607,0.4206,780.0,1.0,0.4206,0.5794,9,0.0,5M_5N_5T,Small,41,heuristic
33.0,8.8193,0.2673,550.0,1.0,0.2673,0.7327,9,0.0,5M_5N_5T,Small,42,heuristic
31.0,3.0744,0.0992,530.0,1.0,0.0992,0.9008,12,0.0,5M_5N_5T,Small,43,heuristic
34.0,4.4618,0.1312,640.0,1.0,0.1312,0.8688,10,0.0,5M_5N_5T,Small,44,heuristic
26.0,2.8298,0.1088,340.0,0.9444,0.1088,0.8912,9,0.0,5M_5N_5T,Small,45,heuristic
41.0,8.3654,0.204,360.0,1.0,0.204,0.796,7,0.0,5M_5N_5T,Small,46,heuristic
25.0,4.3096,0.1724,550.0,1.0,0.1724,0.8276,9,0.0,5M_5N_5T,Small,47,heuristic
27.0,7.5274,0.2788,400.0,1.0,0.2788,0.7212,10,0.0,5M_5N_5T,Small,48,heuristic
25.0,11.4079,0.4563,400.0,1.0,0.4563,0.5437,7,0.0,5M_5N_5T,Small,49,heuristic
42.0,15.4611,0.3681,800.0,1.0,0.3681,0.6319,9,0.0,5M_7N_5T,Small,0,heuristic
34.0,14.7768,0.4346,590.0,1.0,0.4346,0.5654,8,0.0,5M_7N_5T,Small,1,heuristic
35.0,8.1562,0.233,550.0,1.0,0.233,0.767,11,0.0,5M_7N_5T,Small,2,heuristic
47.0,12.3528,0.2628,930.0,1.0,0.2628,0.7372,12,0.0,5M_7N_5T,Small,3,heuristic
39.0,5.1115,0.1311,640.0,1.0,0.1311,0.8689,12,0.0,5M_7N_5T,Small,4,heuristic
31.0,5.4148,0.1747,500.0,1.0,0.1747,0.8253,11,0.0,5M_7N_5T,Small,5,heuristic
33.0,12.8324,0.3889,690.0,1.0,0.3889,0.6111,10,0.0,5M_7N_5T,Small,6,heuristic
36.0,24.757,0.6877,320.0,1.0,0.6877,0.3123,5,0.0,5M_7N_5T,Small,7,heuristic
40.0,10.377,0.2594,680.0,1.0,0.2594,0.7406,9,0.0,5M_7N_5T,Small,8,heuristic
40.0,7.3147,0.1829,540.0,1.0,0.1829,0.8171,10,0.0,5M_7N_5T,Small,9,heuristic
32.0,3.4846,0.1089,760.0,1.0,0.1089,0.8911,12,0.0,5M_7N_5T,Small,10,heuristic
32.0,8.8672,0.2771,480.0,1.0,0.2771,0.7229,8,0.0,5M_7N_5T,Small,11,heuristic
48.0,14.5098,0.3023,440.0,1.0,0.3023,0.6977,10,0.0,5M_7N_5T,Small,12,heuristic
32.0,11.6352,0.3636,730.0,1.0,0.3636,0.6364,10,0.0,5M_7N_5T,Small,13,heuristic
33.0,5.4204,0.1643,570.0,1.0,0.1643,0.8357,11,0.0,5M_7N_5T,Small,14,heuristic
53.0,19.881,0.3751,450.0,1.0,0.3751,0.6249,9,0.0,5M_7N_5T,Small,15,heuristic
37.0,10.4501,0.2824,540.0,1.0,0.2824,0.7176,10,0.0,5M_7N_5T,Small,16,heuristic
31.0,7.5428,0.2433,710.0,1.0,0.2433,0.7567,10,0.0,5M_7N_5T,Small,17,heuristic
31.0,16.2245,0.5234,450.0,1.0,0.5234,0.4766,7,0.0,5M_7N_5T,Small,18,heuristic
27.0,5.9141,0.219,430.0,1.0,0.219,0.781,10,0.0,5M_7N_5T,Small,19,heuristic
35.0,9.4795,0.2708,580.0,1.0,0.2708,0.7292,11,0.0,5M_7N_5T,Small,20,heuristic
49.0,4.9676,0.1014,1130.0,1.0,0.1014,0.8986,14,0.0,5M_7N_5T,Small,21,heuristic
29.0,2.5677,0.0885,790.0,1.0,0.0885,0.9115,13,0.0,5M_7N_5T,Small,22,heuristic
55.0,7.9769,0.145,910.0,1.0,0.145,0.855,13,0.0,5M_7N_5T,Small,23,heuristic
38.0,12.2469,0.3223,580.0,1.0,0.3223,0.6777,10,0.0,5M_7N_5T,Small,24,heuristic
41.0,17.6951,0.4316,670.0,1.0,0.4316,0.5684,10,0.0,5M_7N_5T,Small,25,heuristic
40.0,17.7723,0.4443,440.0,1.0,0.4443,0.5557,8,0.0,5M_7N_5T,Small,26,heuristic
50.0,16.2041,0.3241,640.0,1.0,0.3241,0.6759,10,0.0,5M_7N_5T,Small,27,heuristic
43.0,18.2595,0.4246,400.0,1.0,0.4246,0.5754,6,0.0,5M_7N_5T,Small,28,heuristic
36.0,5.9298,0.1647,830.0,1.0,0.1647,0.8353,12,0.0,5M_7N_5T,Small,29,heuristic
51.0,8.6724,0.17,750.0,1.0,0.17,0.83,11,0.0,5M_7N_5T,Small,30,heuristic
34.0,9.9764,0.2934,770.0,1.0,0.2934,0.7066,10,0.0,5M_7N_5T,Small,31,heuristic
38.0,18.5088,0.4871,350.0,1.0,0.4871,0.5129,6,0.0,5M_7N_5T,Small,32,heuristic
53.0,8.8761,0.1675,570.0,1.0,0.1675,0.8325,11,0.0,5M_7N_5T,Small,33,heuristic
51.0,9.9775,0.1956,640.0,1.0,0.1956,0.8044,10,0.0,5M_7N_5T,Small,34,heuristic
22.0,6.7321,0.306,460.0,1.0,0.306,0.694,8,0.0,5M_7N_5T,Small,35,heuristic
40.0,25.7278,0.6432,340.0,1.0,0.6432,0.3568,5,0.0,5M_7N_5T,Small,36,heuristic
29.0,5.0513,0.1742,410.0,1.0,0.1742,0.8258,11,0.0,5M_7N_5T,Small,37,heuristic
41.0,10.4322,0.2544,360.0,1.0,0.2544,0.7456,11,0.0,5M_7N_5T,Small,38,heuristic
34.0,7.5867,0.2231,920.0,1.0,0.2231,0.7769,11,0.0,5M_7N_5T,Small,39,heuristic
46.0,5.8106,0.1263,830.0,1.0,0.1263,0.8737,13,0.0,5M_7N_5T,Small,40,heuristic
37.0,6.1869,0.1672,560.0,1.0,0.1672,0.8328,11,0.0,5M_7N_5T,Small,41,heuristic
28.0,4.5128,0.1612,780.0,1.0,0.1612,0.8388,11,0.0,5M_7N_5T,Small,42,heuristic
34.0,6.2461,0.1837,650.0,1.0,0.1837,0.8163,10,0.0,5M_7N_5T,Small,43,heuristic
34.0,5.6417,0.1659,820.0,0.82,0.1659,0.8341,11,0.0,5M_7N_5T,Small,44,heuristic
41.0,13.018,0.3175,670.0,1.0,0.3175,0.6825,10,0.0,5M_7N_5T,Small,45,heuristic
26.0,7.4246,0.2856,750.0,1.0,0.2856,0.7144,9,0.0,5M_7N_5T,Small,46,heuristic
38.0,6.1772,0.1626,810.0,1.0,0.1626,0.8374,13,0.0,5M_7N_5T,Small,47,heuristic
42.0,6.7059,0.1597,820.0,1.0,0.1597,0.8403,12,0.0,5M_7N_5T,Small,48,heuristic
33.0,8.353,0.2531,660.0,1.0,0.2531,0.7469,12,0.0,5M_7N_5T,Small,49,heuristic
27.0,0.5894,0.0218,1120.0,1.0,0.0218,0.9782,18,0.0,7M_5N_5T,Small,0,heuristic
20.0,8.4813,0.4241,670.0,1.0,0.4241,0.5759,13,0.0,7M_5N_5T,Small,1,heuristic
38.0,1.1342,0.0298,790.0,1.0,0.0298,0.9702,17,0.0,7M_5N_5T,Small,2,heuristic
27.0,0.5113,0.0189,870.0,0.7768,0.0189,0.9811,14,0.0,7M_5N_5T,Small,3,heuristic
33.0,1.2483,0.0378,890.0,1.0,0.0378,0.9622,15,0.0,7M_5N_5T,Small,4,heuristic
25.0,1.7549,0.0702,820.0,0.9111,0.0702,0.9298,13,0.0,7M_5N_5T,Small,5,heuristic
18.0,1.9317,0.1073,560.0,1.0,0.1073,0.8927,12,0.0,7M_5N_5T,Small,6,heuristic
19.0,0.8151,0.0429,870.0,1.0,0.0429,0.9571,17,0.0,7M_5N_5T,Small,7,heuristic
32.0,6.9864,0.2183,870.0,1.0,0.2183,0.7817,11,0.0,7M_5N_5T,Small,8,heuristic
22.0,2.3504,0.1068,830.0,1.0,0.1068,0.8932,15,0.0,7M_5N_5T,Small,9,heuristic
31.0,2.4359,0.0786,710.0,1.0,0.0786,0.9214,11,0.0,7M_5N_5T,Small,10,heuristic
16.0,2.0163,0.126,860.0,1.0,0.126,0.874,13,0.0,7M_5N_5T,Small,11,heuristic
31.0,2.4418,0.0788,970.0,1.0,0.0788,0.9212,15,0.0,7M_5N_5T,Small,12,heuristic
22.0,1.9201,0.0873,670.0,0.8171,0.0873,0.9127,13,0.0,7M_5N_5T,Small,13,heuristic
30.0,0.8472,0.0282,780.0,1.0,0.0282,0.9718,16,0.0,7M_5N_5T,Small,14,heuristic
20.0,1.7718,0.0886,850.0,1.0,0.0886,0.9114,15,0.0,7M_5N_5T,Small,15,heuristic
29.0,0.7523,0.0259,810.0,0.8438,0.0259,0.9741,15,0.0,7M_5N_5T,Small,16,heuristic
15.0,0.8807,0.0587,530.0,0.8281,0.0587,0.9413,12,0.0,7M_5N_5T,Small,17,heuristic
28.0,1.3893,0.0496,920.0,1.0,0.0496,0.9504,15,0.0,7M_5N_5T,Small,18,heuristic
33.0,1.4385,0.0436,730.0,1.0,0.0436,0.9564,12,0.0,7M_5N_5T,Small,19,heuristic
20.0,2.6955,0.1348,970.0,1.0,0.1348,0.8652,13,0.0,7M_5N_5T,Small,20,heuristic
28.0,5.0225,0.1794,760.0,1.0,0.1794,0.8206,13,0.0,7M_5N_5T,Small,21,heuristic
31.0,1.543,0.0498,930.0,1.0,0.0498,0.9502,14,0.0,7M_5N_5T,Small,22,heuristic
20.0,2.5664,0.1283,960.0,1.0,0.1283,0.8717,15,0.0,7M_5N_5T,Small,23,heuristic
39.0,2.3578,0.0605,840.0,1.0,0.0605,0.9395,15,0.0,7M_5N_5T,Small,24,heuristic
26.0,1.2688,0.0488,860.0,1.0,0.0488,0.9512,15,0.0,7M_5N_5T,Small,25,heuristic
22.0,0.9509,0.0432,780.0,1.0,0.0432,0.9568,13,0.0,7M_5N_5T,Small,26,heuristic
27.0,0.7059,0.0261,890.0,1.0,0.0261,0.9739,17,0.0,7M_5N_5T,Small,27,heuristic
35.0,2.5482,0.0728,740.0,1.0,0.0728,0.9272,13,0.0,7M_5N_5T,Small,28,heuristic
25.0,1.8111,0.0724,750.0,0.8929,0.0724,0.9276,13,0.0,7M_5N_5T,Small,29,heuristic
30.0,2.2857,0.0762,780.0,1.0,0.0762,0.9238,14,0.0,7M_5N_5T,Small,30,heuristic
34.0,7.1427,0.2101,910.0,1.0,0.2101,0.7899,12,0.0,7M_5N_5T,Small,31,heuristic
27.0,4.1415,0.1534,520.0,1.0,0.1534,0.8466,11,0.0,7M_5N_5T,Small,32,heuristic
19.0,1.8749,0.0987,870.0,1.0,0.0987,0.9013,13,0.0,7M_5N_5T,Small,33,heuristic
29.0,4.2707,0.1473,720.0,1.0,0.1473,0.8527,14,0.0,7M_5N_5T,Small,34,heuristic
24.0,1.3801,0.0575,860.0,1.0,0.0575,0.9425,16,0.0,7M_5N_5T,Small,35,heuristic
19.0,2.1482,0.1131,680.0,1.0,0.1131,0.8869,15,0.0,7M_5N_5T,Small,36,heuristic
36.0,4.5275,0.1258,750.0,1.0,0.1258,0.8742,11,0.0,7M_5N_5T,Small,37,heuristic
16.0,0.3096,0.0194,1010.0,1.0,0.0194,0.9806,16,0.0,7M_5N_5T,Small,38,heuristic
31.0,4.2329,0.1365,710.0,1.0,0.1365,0.8635,12,0.0,7M_5N_5T,Small,39,heuristic
25.0,1.1797,0.0472,880.0,1.0,0.0472,0.9528,14,0.0,7M_5N_5T,Small,40,heuristic
30.0,9.9706,0.3324,620.0,1.0,0.3324,0.6676,12,0.0,7M_5N_5T,Small,41,heuristic
27.0,0.8777,0.0325,650.0,1.0,0.0325,0.9675,16,0.0,7M_5N_5T,Small,42,heuristic
23.0,0.7871,0.0342,870.0,1.0,0.0342,0.9658,16,0.0,7M_5N_5T,Small,43,heuristic
23.0,2.5609,0.1113,710.0,1.0,0.1113,0.8887,11,0.0,7M_5N_5T,Small,44,heuristic
23.0,1.5657,0.0681,1080.0,1.0,0.0681,0.9319,16,0.0,7M_5N_5T,Small,45,heuristic
33.0,4.7725,0.1446,1010.0,1.0,0.1446,0.8554,16,0.0,7M_5N_5T,Small,46,heuristic
29.0,7.9594,0.2745,630.0,1.0,0.2745,0.7255,12,0.0,7M_5N_5T,Small,47,heuristic
26.0,2.4394,0.0938,970.0,1.0,0.0938,0.9062,14,0.0,7M_5N_5T,Small,48,heuristic
27.0,10.5271,0.3899,570.0,1.0,0.3899,0.6101,9,0.0,7M_5N_5T,Small,49,heuristic
89.0,5.5309,0.0621,1670.0,1.0,0.0621,0.9379,34,0.0,15M_15N_5T,Medium,0,heuristic
96.0,5.5099,0.0574,1810.0,1.0,0.0574,0.9426,35,0.0,15M_15N_5T,Medium,1,heuristic
88.0,10.7157,0.1218,1480.0,1.0,0.1218,0.8782,25,0.0,15M_15N_5T,Medium,2,heuristic
86.0,7.9599,0.0926,1530.0,1.0,0.0926,0.9074,32,0.0,15M_15N_5T,Medium,3,heuristic
64.0,7.7911,0.1217,1590.0,1.0,0.1217,0.8783,26,0.0,15M_15N_5T,Medium,4,heuristic
70.0,4.2334,0.0605,1750.0,1.0,0.0605,0.9395,31,0.0,15M_15N_5T,Medium,5,heuristic
93.0,9.4874,0.102,1880.0,1.0,0.102,0.898,27,0.000999,15M_15N_5T,Medium,6,heuristic
79.0,11.2678,0.1426,1730.0,1.0,0.1426,0.8574,28,0.0,15M_15N_5T,Medium,7,heuristic
79.0,5.7059,0.0722,1420.0,1.0,0.0722,0.9278,29,0.0,15M_15N_5T,Medium,8,heuristic
87.0,5.3485,0.0615,1830.0,1.0,0.0615,0.9385,29,0.0,15M_15N_5T,Medium,9,heuristic
66.0,8.7467,0.1325,1880.0,1.0,0.1325,0.8675,31,0.0,15M_15N_5T,Medium,10,heuristic
89.0,7.484,0.0841,2080.0,1.0,0.0841,0.9159,31,0.0,15M_15N_5T,Medium,11,heuristic
83.0,4.9725,0.0599,2230.0,1.0,0.0599,0.9401,33,0.0,15M_15N_5T,Medium,12,heuristic
94.0,3.8241,0.0407,2460.0,1.0,0.0407,0.9593,37,0.000999,15M_15N_5T,Medium,13,heuristic
78.0,20.5813,0.2639,1460.0,1.0,0.2639,0.7361,26,0.0,15M_15N_5T,Medium,14,heuristic
73.0,30.2114,0.4139,1160.0,1.0,0.4139,0.5861,20,0.0,15M_15N_5T,Medium,15,heuristic
81.0,5.2822,0.0652,2070.0,1.0,0.0652,0.9348,30,0.0,15M_15N_5T,Medium,16,heuristic
85.0,10.9737,0.1291,2040.0,1.0,0.1291,0.8709,32,0.0,15M_15N_5T,Medium,17,heuristic
97.0,7.5633,0.078,1470.0,1.0,0.078,0.922,29,0.0,15M_15N_5T,Medium,18,heuristic
97.0,12.6376,0.1303,1690.0,1.0,0.1303,0.8697,26,0.0,15M_15N_5T,Medium,19,heuristic
95.0,9.247,0.0973,1420.0,1.0,0.0973,0.9027,28,0.0,15M_15N_5T,Medium,20,heuristic
87.0,7.5189,0.0864,2080.0,1.0,0.0864,0.9136,33,0.000999,15M_15N_5T,Medium,21,heuristic
78.0,7.0525,0.0904,2030.0,1.0,0.0904,0.9096,33,0.0,15M_15N_5T,Medium,22,heuristic
66.0,12.2493,0.1856,2220.0,1.0,0.1856,0.8144,32,0.0,15M_15N_5T,Medium,23,heuristic
83.0,2.6723,0.0322,2520.0,1.0,0.0322,0.9678,37,0.0,15M_15N_5T,Medium,24,heuristic
92.0,17.5886,0.1912,1840.0,1.0,0.1912,0.8088,28,0.0,15M_15N_5T,Medium,25,heuristic
88.0,21.6217,0.2457,1550.0,1.0,0.2457,0.7543,27,0.0,15M_15N_5T,Medium,26,heuristic
57.0,3.5316,0.062,2150.0,1.0,0.062,0.938,31,0.0,15M_15N_5T,Medium,27,heuristic
95.0,8.4394,0.0888,2130.0,1.0,0.0888,0.9112,30,0.0,15M_15N_5T,Medium,28,heuristic
71.0,3.6693,0.0517,1850.0,1.0,0.0517,0.9483,34,0.001,15M_15N_5T,Medium,29,heuristic
83.0,12.484,0.1504,1220.0,1.0,0.1504,0.8496,25,0.0,15M_15N_5T,Medium,30,heuristic
70.0,4.344,0.0621,1570.0,1.0,0.0621,0.9379,29,0.0,15M_15N_5T,Medium,31,heuristic
83.0,7.962,0.0959,1500.0,1.0,0.0959,0.9041,26,0.0,15M_15N_5T,Medium,32,heuristic
75.0,6.795,0.0906,1580.0,1.0,0.0906,0.9094,28,0.0,15M_15N_5T,Medium,33,heuristic
84.0,28.5555,0.3399,1220.0,1.0,0.3399,0.6601,23,0.0,15M_15N_5T,Medium,34,heuristic
70.0,13.5865,0.1941,1190.0,1.0,0.1941,0.8059,24,0.0,15M_15N_5T,Medium,35,heuristic
102.0,17.398,0.1706,1760.0,1.0,0.1706,0.8294,29,0.0,15M_15N_5T,Medium,36,heuristic
76.0,9.7607,0.1284,1820.0,1.0,0.1284,0.8716,29,0.001,15M_15N_5T,Medium,37,heuristic
74.0,9.7267,0.1314,2200.0,1.0,0.1314,0.8686,29,0.0,15M_15N_5T,Medium,38,heuristic
79.0,5.0543,0.064,2130.0,1.0,0.064,0.936,32,0.0,15M_15N_5T,Medium,39,heuristic
78.0,6.3507,0.0814,1910.0,1.0,0.0814,0.9186,29,0.0,15M_15N_5T,Medium,40,heuristic
93.0,10.0184,0.1077,1630.0,1.0,0.1077,0.8923,34,0.0,15M_15N_5T,Medium,41,heuristic
53.0,4.8275,0.0911,1570.0,1.0,0.0911,0.9089,27,0.0,15M_15N_5T,Medium,42,heuristic
70.0,3.5244,0.0503,2130.0,1.0,0.0503,0.9497,35,0.0,15M_15N_5T,Medium,43,heuristic
83.0,5.634,0.0679,2000.0,1.0,0.0679,0.9321,33,0.001,15M_15N_5T,Medium,44,heuristic
78.0,3.2867,0.0421,1950.0,1.0,0.0421,0.9579,33,0.0,15M_15N_5T,Medium,45,heuristic
92.0,4.9247,0.0535,1830.0,1.0,0.0535,0.9465,34,0.0,15M_15N_5T,Medium,46,heuristic
82.0,13.9256,0.1698,1700.0,1.0,0.1698,0.8302,27,0.0,15M_15N_5T,Medium,47,heuristic
85.0,6.1897,0.0728,2320.0,1.0,0.0728,0.9272,31,0.0,15M_15N_5T,Medium,48,heuristic
68.0,10.321,0.1518,1980.0,1.0,0.1518,0.8482,28,0.0,15M_15N_5T,Medium,49,heuristic
109.0,26.8217,0.2461,1450.0,1.0,0.2461,0.7539,24,0.0,15M_20N_5T,Medium,0,heuristic
111.0,13.6137,0.1226,2170.0,1.0,0.1226,0.8774,33,0.001001,15M_20N_5T,Medium,1,heuristic
132.0,13.0996,0.0992,1710.0,1.0,0.0992,0.9008,35,0.0,15M_20N_5T,Medium,2,heuristic
102.0,14.2913,0.1401,2450.0,1.0,0.1401,0.8599,33,0.0,15M_20N_5T,Medium,3,heuristic
117.0,14.2273,0.1216,1740.0,1.0,0.1216,0.8784,32,0.0,15M_20N_5T,Medium,4,heuristic
106.0,15.8386,0.1494,1920.0,1.0,0.1494,0.8506,31,0.0,15M_20N_5T,Medium,5,heuristic
118.0,26.4535,0.2242,1470.0,1.0,0.2242,0.7758,26,0.0,15M_20N_5T,Medium,6,heuristic
117.0,26.2006,0.2239,1860.0,1.0,0.2239,0.7761,30,0.0,15M_20N_5T,Medium,7,heuristic
116.0,19.26,0.166,2190.0,1.0,0.166,0.834,32,0.0,15M_20N_5T,Medium,8,heuristic
92.0,8.7983,0.0956,1900.0,1.0,0.0956,0.9044,33,0.0,15M_20N_5T,Medium,9,heuristic
110.0,14.3165,0.1302,1870.0,1.0,0.1302,0.8698,33,0.0,15M_20N_5T,Medium,10,heuristic
103.0,14.965,0.1453,1850.0,1.0,0.1453,0.8547,33,0.0,15M_20N_5T,Medium,11,heuristic
115.0,20.2548,0.1761,1990.0,1.0,0.1761,0.8239,30,0.0,15M_20N_5T,Medium,12,heuristic
114.0,20.6199,0.1809,1480.0,1.0,0.1809,0.8191,26,0.000998,15M_20N_5T,Medium,13,heuristic
99.0,9.2714,0.0937,2020.0,1.0,0.0937,0.9063,30,0.0,15M_20N_5T,Medium,14,heuristic
126.0,19.2638,0.1529,1870.0,1.0,0.1529,0.8471,32,0.0,15M_20N_5T,Medium,15,heuristic
118.0,14.5657,0.1234,1980.0,1.0,0.1234,0.8766,28,0.0,15M_20N_5T,Medium,16,heuristic
130.0,19.2191,0.1478,1850.0,1.0,0.1478,0.8522,28,0.0,15M_20N_5T,Medium,17,heuristic
114.0,17.332,0.152,1750.0,1.0,0.152,0.848,27,0.0,15M_20N_5T,Medium,18,heuristic
104.0,27.2158,0.2617,1680.0,1.0,0.2617,0.7383,31,0.0,15M_20N_5T,Medium,19,heuristic
120.0,17.9315,0.1494,2130.0,1.0,0.1494,0.8506,31,0.0,15M_20N_5T,Medium,20,heuristic
123.0,11.1049,0.0903,2830.0,1.0,0.0903,0.9097,38,0.0,15M_20N_5T,Medium,21,heuristic
104.0,14.6699,0.1411,2100.0,1.0,0.1411,0.8589,33,0.0,15M_20N_5T,Medium,22,heuristic
115.0,11.6226,0.1011,2190.0,1.0,0.1011,0.8989,34,0.0,15M_20N_5T,Medium,23,heuristic
88.0,27.1164,0.3081,1790.0,1.0,0.3081,0.6919,27,0.0,15M_20N_5T,Medium,24,heuristic
109.0,33.8021,0.3101,1830.0,1.0,0.3101,0.6899,28,0.0,15M_20N_5T,Medium,25,heuristic
112.0,27.6242,0.2466,1780.0,1.0,0.2466,0.7534,27,0.001,15M_20N_5T,Medium,26,heuristic
90.0,11.834,0.1315,1830.0,1.0,0.1315,0.8685,30,0.0,15M_20N_5T,Medium,27,heuristic
117.0,14.5331,0.1242,2060.0,1.0,0.1242,0.8758,32,0.0,15M_20N_5T,Medium,28,heuristic
136.0,36.7607,0.2703,1610.0,1.0,0.2703,0.7297,25,0.0,15M_20N_5T,Medium,29,heuristic
115.0,17.7638,0.1545,1620.0,1.0,0.1545,0.8455,30,0.0,15M_20N_5T,Medium,30,heuristic
124.0,22.5814,0.1821,1460.0,1.0,0.1821,0.8179,27,0.0,15M_20N_5T,Medium,31,heuristic
132.0,54.5556,0.4133,1360.0,1.0,0.4133,0.5867,25,0.0,15M_20N_5T,Medium,32,heuristic
99.0,18.8099,0.19,1800.0,1.0,0.19,0.81,29,0.001,15M_20N_5T,Medium,33,heuristic
125.0,26.2816,0.2103,2080.0,1.0,0.2103,0.7897,30,0.0,15M_20N_5T,Medium,34,heuristic
116.0,19.6105,0.1691,1950.0,1.0,0.1691,0.8309,29,0.0,15M_20N_5T,Medium,35,heuristic
119.0,12.1299,0.1019,1730.0,1.0,0.1019,0.8981,31,0.0,15M_20N_5T,Medium,36,heuristic
104.0,9.1276,0.0878,2390.0,1.0,0.0878,0.9122,36,0.0,15M_20N_5T,Medium,37,heuristic
104.0,13.8301,0.133,1860.0,1.0,0.133,0.867,33,0.0,15M_20N_5T,Medium,38,heuristic
101.0,19.1719,0.1898,1840.0,1.0,0.1898,0.8102,29,0.001,15M_20N_5T,Medium,39,heuristic
108.0,12.8736,0.1192,1680.0,1.0,0.1192,0.8808,33,0.0,15M_20N_5T,Medium,40,heuristic
120.0,10.6709,0.0889,2160.0,1.0,0.0889,0.9111,34,0.0,15M_20N_5T,Medium,41,heuristic
111.0,21.3864,0.1927,1720.0,1.0,0.1927,0.8073,29,0.0,15M_20N_5T,Medium,42,heuristic
97.0,13.0137,0.1342,1480.0,1.0,0.1342,0.8658,30,0.0,15M_20N_5T,Medium,43,heuristic
96.0,23.3301,0.243,1510.0,1.0,0.243,0.757,28,0.0,15M_20N_5T,Medium,44,heuristic
118.0,18.1049,0.1534,2130.0,1.0,0.1534,0.8466,32,0.0,15M_20N_5T,Medium,45,heuristic
113.0,26.6046,0.2354,2070.0,1.0,0.2354,0.7646,32,0.0,15M_20N_5T,Medium,46,heuristic
116.0,19.2806,0.1662,2510.0,1.0,0.1662,0.8338,30,0.0,15M_20N_5T,Medium,47,heuristic
119.0,13.8696,0.1166,2080.0,1.0,0.1166,0.8834,32,0.0,15M_20N_5T,Medium,48,heuristic
115.0,19.6978,0.1713,1540.0,1.0,0.1713,0.8287,29,0.0,15M_20N_5T,Medium,49,heuristic
104.0,5.7151,0.055,2790.0,1.0,0.055,0.945,44,0.0,20M_20N_5T,Medium,0,heuristic
113.0,8.0712,0.0714,2670.0,1.0,0.0714,0.9286,41,0.0,20M_20N_5T,Medium,1,heuristic
100.0,5.5713,0.0557,3200.0,1.0,0.0557,0.9443,46,0.0,20M_20N_5T,Medium,2,heuristic
114.0,17.449,0.1531,2180.0,1.0,0.1531,0.8469,41,0.0,20M_20N_5T,Medium,3,heuristic
125.0,12.4351,0.0995,2740.0,1.0,0.0995,0.9005,43,0.000999,20M_20N_5T,Medium,4,heuristic
93.0,13.665,0.1469,2240.0,1.0,0.1469,0.8531,35,0.0,20M_20N_5T,Medium,5,heuristic
87.0,21.0274,0.2417,1760.0,1.0,0.2417,0.7583,33,0.0,20M_20N_5T,Medium,6,heuristic
129.0,22.0206,0.1707,1690.0,1.0,0.1707,0.8293,39,0.0,20M_20N_5T,Medium,7,heuristic
105.0,14.7971,0.1409,2550.0,1.0,0.1409,0.8591,37,0.0,20M_20N_5T,Medium,8,heuristic
102.0,10.6727,0.1046,2930.0,1.0,0.1046,0.8954,45,0.0,20M_20N_5T,Medium,9,heuristic
108.0,11.895,0.1101,2420.0,1.0,0.1101,0.8899,37,0.000999,20M_20N_5T,Medium,10,heuristic
112.0,8.843,0.079,2490.0,1.0,0.079,0.921,40,0.0,20M_20N_5T,Medium,11,heuristic
101.0,11.0353,0.1093,2400.0,1.0,0.1093,0.8907,43,0.0,20M_20N_5T,Medium,12,heuristic
114.0,16.2532,0.1426,2430.0,1.0,0.1426,0.8574,38,0.0,20M_20N_5T,Medium,13,heuristic
100.0,4.195,0.042,2930.0,1.0,0.042,0.958,41,0.0,20M_20N_5T,Medium,14,heuristic
118.0,8.9129,0.0755,3110.0,1.0,0.0755,0.9245,45,0.001,20M_20N_5T,Medium,15,heuristic
109.0,9.8237,0.0901,2170.0,1.0,0.0901,0.9099,38,0.0,20M_20N_5T,Medium,16,heuristic
122.0,18.0665,0.1481,2220.0,1.0,0.1481,0.8519,38,0.0,20M_20N_5T,Medium,17,heuristic
104.0,10.2292,0.0984,2210.0,1.0,0.0984,0.9016,38,0.0,20M_20N_5T,Medium,18,heuristic
104.0,6.6974,0.0644,2540.0,1.0,0.0644,0.9356,41,0.0,20M_20N_5T,Medium,19,heuristic
72.0,8.3203,0.1156,2560.0,1.0,0.1156,0.8844,44,0.001002,20M_20N_5T,Medium,20,heuristic
130.0,10.6517,0.0819,2150.0,1.0,0.0819,0.9181,40,0.0,20M_20N_5T,Medium,21,heuristic
120.0,10.5184,0.0877,2170.0,1.0,0.0877,0.9123,39,0.0,20M_20N_5T,Medium,22,heuristic
109.0,9.402,0.0863,2780.0,1.0,0.0863,0.9137,43,0.0,20M_20N_5T,Medium,23,heuristic
106.0,24.7843,0.2338,2480.0,1.0,0.2338,0.7662,37,0.0,20M_20N_5T,Medium,24,heuristic
119.0,11.7852,0.099,2900.0,1.0,0.099,0.901,42,0.000998,20M_20N_5T,Medium,25,heuristic
102.0,9.1378,0.0896,2150.0,1.0,0.0896,0.9104,38,0.0,20M_20N_5T,Medium,26,heuristic
109.0,15.4899,0.1421,2620.0,1.0,0.1421,0.8579,42,0.0,20M_20N_5T,Medium,27,heuristic
113.0,13.6184,0.1205,2130.0,1.0,0.1205,0.8795,35,0.0,20M_20N_5T,Medium,28,heuristic
124.0,25.5758,0.2063,2340.0,1.0,0.2063,0.7937,36,0.0,20M_20N_5T,Medium,29,heuristic
127.0,13.0175,0.1025,2250.0,1.0,0.1025,0.8975,41,0.0,20M_20N_5T,Medium,30,heuristic
132.0,18.3825,0.1393,2580.0,1.0,0.1393,0.8607,42,0.0,20M_20N_5T,Medium,31,heuristic
120.0,15.7906,0.1316,2190.0,1.0,0.1316,0.8684,40,0.0,20M_20N_5T,Medium,32,heuristic
111.0,13.9498,0.1257,1880.0,1.0,0.1257,0.8743,34,0.0,20M_20N_5T,Medium,33,heuristic
115.0,11.8422,0.103,2290.0,1.0,0.103,0.897,41,0.0,20M_20N_5T,Medium,34,heuristic
105.0,10.6416,0.1013,2220.0,1.0,0.1013,0.8987,36,0.0,20M_20N_5T,Medium,35,heuristic
101.0,9.0086,0.0892,2210.0,1.0,0.0892,0.9108,37,0.001,20M_20N_5T,Medium,36,heuristic
130.0,21.3187,0.164,2390.0,1.0,0.164,0.836,38,0.0,20M_20N_5T,Medium,37,heuristic
109.0,6.5587,0.0602,2950.0,1.0,0.0602,0.9398,47,0.0,20M_20N_5T,Medium,38,heuristic
116.0,6.7481,0.0582,2670.0,1.0,0.0582,0.9418,42,0.0,20M_20N_5T,Medium,39,heuristic
118.0,11.0414,0.0936,2600.0,1.0,0.0936,0.9064,42,0.0,20M_20N_5T,Medium,40,heuristic
113.0,16.8956,0.1495,2200.0,1.0,0.1495,0.8505,37,0.0,20M_20N_5T,Medium,41,heuristic
98.0,3.8989,0.0398,2300.0,1.0,0.0398,0.9602,42,0.0,20M_20N_5T,Medium,42,heuristic
97.0,6.5157,0.0672,2380.0,1.0,0.0672,0.9328,41,0.0,20M_20N_5T,Medium,43,heuristic
115.0,9.4506,0.0822,2170.0,1.0,0.0822,0.9178,38,0.0,20M_20N_5T,Medium,44,heuristic
111.0,8.7874,0.0792,2010.0,1.0,0.0792,0.9208,39,0.0,20M_20N_5T,Medium,45,heuristic
118.0,26.0623,0.2209,2130.0,1.0,0.2209,0.7791,37,0.0,20M_20N_5T,Medium,46,heuristic
110.0,7.8451,0.0713,2530.0,1.0,0.0713,0.9287,39,0.0,20M_20N_5T,Medium,47,heuristic
83.0,7.8802,0.0949,2160.0,1.0,0.0949,0.9051,42,0.0,20M_20N_5T,Medium,48,heuristic
102.0,11.7545,0.1152,2890.0,1.0,0.1152,0.8848,40,0.0,20M_20N_5T,Medium,49,heuristic
161.0,20.2033,0.1255,3030.0,1.0,0.1255,0.8745,53,0.0,30M_30N_5T,Large,0,heuristic
151.0,14.4818,0.0959,3610.0,1.0,0.0959,0.9041,59,0.0,30M_30N_5T,Large,1,heuristic
156.0,15.6886,0.1006,3610.0,1.0,0.1006,0.8994,59,0.001,30M_30N_5T,Large,2,heuristic
139.0,4.5135,0.0325,4370.0,1.0,0.0325,0.9675,67,0.0,30M_30N_5T,Large,3,heuristic
162.0,13.7947,0.0852,3060.0,1.0,0.0852,0.9148,62,0.0,30M_30N_5T,Large,4,heuristic
163.0,13.696,0.084,4040.0,1.0,0.084,0.916,62,0.0,30M_30N_5T,Large,5,heuristic
163.0,23.9535,0.147,3020.0,1.0,0.147,0.853,53,0.0,30M_30N_5T,Large,6,heuristic
157.0,12.8502,0.0818,3610.0,1.0,0.0818,0.9182,60,0.001,30M_30N_5T,Large,7,heuristic
181.0,11.5294,0.0637,3570.0,1.0,0.0637,0.9363,61,0.0,30M_30N_5T,Large,8,heuristic
185.0,8.1322,0.044,3230.0,1.0,0.044,0.956,65,0.0,30M_30N_5T,Large,9,heuristic
136.0,12.3027,0.0905,3580.0,1.0,0.0905,0.9095,60,0.0,30M_30N_5T,Large,10,heuristic
158.0,10.4251,0.066,3430.0,1.0,0.066,0.934,55,0.0,30M_30N_5T,Large,11,heuristic
167.0,23.5187,0.1408,3420.0,1.0,0.1408,0.8592,64,0.001,30M_30N_5T,Large,12,heuristic
179.0,14.5763,0.0814,4520.0,1.0,0.0814,0.9186,62,0.0,30M_30N_5T,Large,13,heuristic
166.0,20.8363,0.1255,3030.0,1.0,0.1255,0.8745,54,0.0,30M_30N_5T,Large,14,heuristic
177.0,21.2916,0.1203,3680.0,1.0,0.1203,0.8797,59,0.001,30M_30N_5T,Large,15,heuristic
175.0,13.2419,0.0757,3740.0,1.0,0.0757,0.9243,59,0.0,30M_30N_5T,Large,16,heuristic
187.0,34.2752,0.1833,3580.0,1.0,0.1833,0.8167,53,0.0,30M_30N_5T,Large,17,heuristic
151.0,17.4258,0.1154,3680.0,1.0,0.1154,0.8846,56,0.001,30M_30N_5T,Large,18,heuristic
144.0,10.6435,0.0739,3650.0,1.0,0.0739,0.9261,58,0.0,30M_30N_5T,Large,19,heuristic
177.0,10.8615,0.0614,4270.0,1.0,0.0614,0.9386,62,0.0,30M_30N_5T,Large,20,heuristic
175.0,7.9315,0.0453,3640.0,1.0,0.0453,0.9547,65,0.001,30M_30N_5T,Large,21,heuristic
177.0,26.2777,0.1485,3240.0,1.0,0.1485,0.8515,57,0.0,30M_30N_5T,Large,22,heuristic
139.0,18.4996,0.1331,3180.0,1.0,0.1331,0.8669,58,0.001,30M_30N_5T,Large,23,heuristic
174.0,11.6724,0.0671,3780.0,1.0,0.0671,0.9329,61,0.0,30M_30N_5T,Large,24,heuristic
131.0,9.6355,0.0736,3350.0,1.0,0.0736,0.9264,56,0.0,30M_30N_5T,Large,25,heuristic
138.0,18.4977,0.134,3380.0,1.0,0.134,0.866,56,0.000999,30M_30N_5T,Large,26,heuristic
159.0,14.0749,0.0885,3590.0,1.0,0.0885,0.9115,58,0.0,30M_30N_5T,Large,27,heuristic
159.0,10.2216,0.0643,3210.0,1.0,0.0643,0.9357,58,0.0,30M_30N_5T,Large,28,heuristic
164.0,11.5111,0.0702,2880.0,1.0,0.0702,0.9298,56,0.001,30M_30N_5T,Large,29,heuristic
167.0,14.1913,0.085,3190.0,1.0,0.085,0.915,58,0.0,30M_30N_5T,Large,30,heuristic
160.0,11.3416,0.0709,4000.0,1.0,0.0709,0.9291,61,0.000999,30M_30N_5T,Large,31,heuristic
164.0,11.4823,0.07,3320.0,1.0,0.07,0.93,51,0.0,30M_30N_5T,Large,32,heuristic
169.0,16.8151,0.0995,2910.0,1.0,0.0995,0.9005,55,0.0,30M_30N_5T,Large,33,heuristic
161.0,24.9226,0.1548,3130.0,1.0,0.1548,0.8452,50,0.001,30M_30N_5T,Large,34,heuristic
173.0,20.7587,0.12,3800.0,1.0,0.12,0.88,55,0.0,30M_30N_5T,Large,35,heuristic
190.0,21.2564,0.1119,3490.0,1.0,0.1119,0.8881,54,0.0,30M_30N_5T,Large,36,heuristic
160.0,15.0535,0.0941,3750.0,1.0,0.0941,0.9059,57,0.001,30M_30N_5T,Large,37,heuristic
155.0,16.1897,0.1044,3590.0,1.0,0.1044,0.8956,56,0.0,30M_30N_5T,Large,38,heuristic
156.0,7.1468,0.0458,4170.0,1.0,0.0458,0.9542,63,0.0,30M_30N_5T,Large,39,heuristic
158.0,6.5318,0.0413,4330.0,1.0,0.0413,0.9587,70,0.001,30M_30N_5T,Large,40,heuristic
165.0,15.5855,0.0945,3430.0,1.0,0.0945,0.9055,58,0.0,30M_30N_5T,Large,41,heuristic
156.0,7.2573,0.0465,4090.0,1.0,0.0465,0.9535,63,0.001,30M_30N_5T,Large,42,heuristic
176.0,20.4542,0.1162,3450.0,1.0,0.1162,0.8838,54,0.0,30M_30N_5T,Large,43,heuristic
172.0,10.7901,0.0627,4060.0,1.0,0.0627,0.9373,63,0.0,30M_30N_5T,Large,44,heuristic
181.0,21.7906,0.1204,3810.0,1.0,0.1204,0.8796,56,0.001,30M_30N_5T,Large,45,heuristic
147.0,10.1204,0.0688,3480.0,1.0,0.0688,0.9312,62,0.0,30M_30N_5T,Large,46,heuristic
186.0,8.1562,0.0439,3960.0,1.0,0.0439,0.9561,66,0.0,30M_30N_5T,Large,47,heuristic
166.0,8.6566,0.0521,3630.0,1.0,0.0521,0.9479,67,0.001,30M_30N_5T,Large,48,heuristic
190.0,10.0153,0.0527,4000.0,1.0,0.0527,0.9473,69,0.0,30M_30N_5T,Large,49,heuristic
171.0,76.6648,0.4483,3960.0,1.0,0.4483,0.5517,63,0.0,30M_30N_10T,Large,0,heuristic
183.0,59.6412,0.3259,3460.0,1.0,0.3259,0.6741,59,0.001,30M_30N_10T,Large,1,heuristic
160.0,52.2807,0.3268,3760.0,1.0,0.3268,0.6732,56,0.0,30M_30N_10T,Large,2,heuristic
165.0,77.008,0.4667,3230.0,1.0,0.4667,0.5333,57,0.0,30M_30N_10T,Large,3,heuristic
190.0,63.9468,0.3366,3730.0,1.0,0.3366,0.6634,67,0.000999,30M_30N_10T,Large,4,heuristic
177.0,33.5304,0.1894,4320.0,1.0,0.1894,0.8106,64,0.0,30M_30N_10T,Large,5,heuristic
169.0,65.1218,0.3853,3390.0,1.0,0.3853,0.6147,61,0.0,30M_30N_10T,Large,6,heuristic
156.0,66.3877,0.4256,2760.0,1.0,0.4256,0.5744,54,0.0,30M_30N_10T,Large,7,heuristic
189.0,92.5997,0.4899,3560.0,1.0,0.4899,0.5101,56,0.001,30M_30N_10T,Large,8,heuristic
169.0,78.3271,0.4635,3480.0,1.0,0.4635,0.5365,54,0.0,30M_30N_10T,Large,9,heuristic
135.0,27.322,0.2024,3700.0,1.0,0.2024,0.7976,60,0.0,30M_30N_10T,Large,10,heuristic
153.0,62.984,0.4117,3260.0,1.0,0.4117,0.5883,62,0.0,30M_30N_10T,Large,11,heuristic
189.0,34.5944,0.183,4030.0,1.0,0.183,0.817,71,0.0,30M_30N_10T,Large,12,heuristic
193.0,63.2951,0.328,3310.0,1.0,0.328,0.672,54,0.0,30M_30N_10T,Large,13,heuristic
167.0,51.8652,0.3106,3200.0,1.0,0.3106,0.6894,58,0.0,30M_30N_10T,Large,14,heuristic
182.0,58.7213,0.3226,4250.0,1.0,0.3226,0.6774,69,0.001,30M_30N_10T,Large,15,heuristic
158.0,33.2192,0.2102,4090.0,1.0,0.2102,0.7898,64,0.0,30M_30N_10T,Large,16,heuristic
167.0,54.7692,0.328,3980.0,1.0,0.328,0.672,66,0.0,30M_30N_10T,Large,17,heuristic
154.0,71.6949,0.4656,3720.0,1.0,0.4656,0.5344,60,0.001,30M_30N_10T,Large,18,heuristic
167.0,62.7993,0.376,3440.0,1.0,0.376,0.624,67,0.0,30M_30N_10T,Large,19,heuristic
147.0,34.9554,0.2378,3680.0,1.0,0.2378,0.7622,65,0.0,30M_30N_10T,Large,20,heuristic
171.0,70.2361,0.4107,3520.0,1.0,0.4107,0.5893,60,0.0,30M_30N_10T,Large,21,heuristic
157.0,34.654,0.2207,2870.0,1.0,0.2207,0.7793,52,0.001,30M_30N_10T,Large,22,heuristic
167.0,55.3591,0.3315,3430.0,1.0,0.3315,0.6685,54,0.0,30M_30N_10T,Large,23,heuristic
171.0,59.8841,0.3502,3730.0,1.0,0.3502,0.6498,64,0.0,30M_30N_10T,Large,24,heuristic
176.0,51.2696,0.2913,3610.0,1.0,0.2913,0.7087,63,0.0,30M_30N_10T,Large,25,heuristic
178.0,66.9117,0.3759,3160.0,1.0,0.3759,0.6241,52,0.0,30M_30N_10T,Large,26,heuristic
158.0,57.1215,0.3615,3780.0,1.0,0.3615,0.6385,57,0.0,30M_30N_10T,Large,27,heuristic
170.0,82.8416,0.4873,3960.0,1.0,0.4873,0.5127,65,0.0,30M_30N_10T,Large,28,heuristic
161.0,94.5251,0.5871,3590.0,1.0,0.5871,0.4129,62,0.001,30M_30N_10T,Large,29,heuristic
181.0,48.063,0.2655,3580.0,1.0,0.2655,0.7345,56,0.0,30M_30N_10T,Large,30,heuristic
156.0,62.5549,0.401,3910.0,1.0,0.401,0.599,63,0.0,30M_30N_10T,Large,31,heuristic
150.0,44.7781,0.2985,3310.0,1.0,0.2985,0.7015,60,0.0,30M_30N_10T,Large,32,heuristic
158.0,40.8518,0.2586,4140.0,1.0,0.2586,0.7414,65,0.0,30M_30N_10T,Large,33,heuristic
183.0,106.5525,0.5823,3270.0,1.0,0.5823,0.4177,57,0.0,30M_30N_10T,Large,34,heuristic
188.0,55.6777,0.2962,3160.0,1.0,0.2962,0.7038,52,0.0,30M_30N_10T,Large,35,heuristic
164.0,45.3742,0.2767,3310.0,1.0,0.2767,0.7233,55,0.000999,30M_30N_10T,Large,36,heuristic
175.0,77.6605,0.4438,2690.0,1.0,0.4438,0.5562,45,0.0,30M_30N_10T,Large,37,heuristic
157.0,64.6528,0.4118,3950.0,1.0,0.4118,0.5882,59,0.0,30M_30N_10T,Large,38,heuristic
182.0,62.0346,0.3408,2940.0,1.0,0.3408,0.6592,52,0.0,30M_30N_10T,Large,39,heuristic
177.0,46.1276,0.2606,2930.0,1.0,0.2606,0.7394,58,0.001,30M_30N_10T,Large,40,heuristic
201.0,63.7716,0.3173,3280.0,1.0,0.3173,0.6827,61,0.0,30M_30N_10T,Large,41,heuristic
164.0,35.2567,0.215,4010.0,1.0,0.215,0.785,63,0.0,30M_30N_10T,Large,42,heuristic
173.0,61.7887,0.3572,2930.0,1.0,0.3572,0.6428,52,0.001,30M_30N_10T,Large,43,heuristic
188.0,71.8331,0.3821,4060.0,1.0,0.3821,0.6179,68,0.0,30M_30N_10T,Large,44,heuristic
183.0,42.2664,0.231,3410.0,1.0,0.231,0.769,63,0.0,30M_30N_10T,Large,45,heuristic
135.0,41.6545,0.3086,3800.0,1.0,0.3086,0.6914,62,0.0,30M_30N_10T,Large,46,heuristic
158.0,30.8278,0.1951,4130.0,1.0,0.1951,0.8049,61,0.0,30M_30N_10T,Large,47,heuristic
145.0,46.0652,0.3177,4030.0,1.0,0.3177,0.6823,64,0.0,30M_30N_10T,Large,48,heuristic
162.0,47.7181,0.2946,4350.0,1.0,0.2946,0.7054,62,0.0,30M_30N_10T,Large,49,heuristic
283.0,119.5454,0.4224,6290.0,1.0,0.4224,0.5776,111,0.001,50M_50N_10T,Large,0,heuristic
241.0,63.1273,0.2619,6440.0,1.0,0.2619,0.7381,101,0.0,50M_50N_10T,Large,1,heuristic
285.0,69.5295,0.244,6120.0,1.0,0.244,0.756,105,0.0,50M_50N_10T,Large,2,heuristic
255.0,80.6928,0.3164,5780.0,1.0,0.3164,0.6836,95,0.001,50M_50N_10T,Large,3,heuristic
309.0,115.7917,0.3747,5670.0,1.0,0.3747,0.6253,100,0.0,50M_50N_10T,Large,4,heuristic
276.0,117.9561,0.4274,5780.0,1.0,0.4274,0.5726,101,0.0,50M_50N_10T,Large,5,heuristic
293.0,68.2132,0.2328,5560.0,1.0,0.2328,0.7672,93,0.001,50M_50N_10T,Large,6,heuristic
262.0,69.0975,0.2637,6070.0,1.0,0.2637,0.7363,103,0.001,50M_50N_10T,Large,7,heuristic
313.0,78.2631,0.25,5450.0,1.0,0.25,0.75,104,0.0,50M_50N_10T,Large,8,heuristic
252.0,93.7779,0.3721,6310.0,1.0,0.3721,0.6279,102,0.0,50M_50N_10T,Large,9,heuristic
265.0,97.7069,0.3687,6570.0,1.0,0.3687,0.6313,109,0.001,50M_50N_10T,Large,10,heuristic
242.0,159.2696,0.6581,4850.0,1.0,0.6581,0.3419,82,0.0,50M_50N_10T,Large,11,heuristic
313.0,103.5407,0.3308,6480.0,1.0,0.3308,0.6692,102,0.001,50M_50N_10T,Large,12,heuristic
281.0,90.0426,0.3204,5890.0,1.0,0.3204,0.6796,100,0.000999,50M_50N_10T,Large,13,heuristic
284.0,105.6553,0.372,6260.0,1.0,0.372,0.628,101,0.0,50M_50N_10T,Large,14,heuristic
286.0,78.4953,0.2745,6030.0,1.0,0.2745,0.7255,100,0.001,50M_50N_10T,Large,15,heuristic
288.0,56.4835,0.1961,6430.0,1.0,0.1961,0.8039,102,0.001,50M_50N_10T,Large,16,heuristic
278.0,127.762,0.4596,5020.0,1.0,0.4596,0.5404,87,0.0,50M_50N_10T,Large,17,heuristic
277.0,80.7582,0.2915,5710.0,1.0,0.2915,0.7085,92,0.001,50M_50N_10T,Large,18,heuristic
245.0,76.8278,0.3136,5380.0,1.0,0.3136,0.6864,93,0.001,50M_50N_10T,Large,19,heuristic
285.0,93.4578,0.3279,6610.0,1.0,0.3279,0.6721,97,0.0,50M_50N_10T,Large,20,heuristic
272.0,80.6049,0.2963,5730.0,1.0,0.2963,0.7037,108,0.001,50M_50N_10T,Large,21,heuristic
291.0,79.2283,0.2723,6460.0,1.0,0.2723,0.7277,103,0.001,50M_50N_10T,Large,22,heuristic
266.0,92.2396,0.3468,5880.0,1.0,0.3468,0.6532,101,0.0,50M_50N_10T,Large,23,heuristic
278.0,56.4884,0.2032,6300.0,1.0,0.2032,0.7968,108,0.0,50M_50N_10T,Large,24,heuristic
278.0,101.7184,0.3659,5480.0,1.0,0.3659,0.6341,100,0.001002,50M_50N_10T,Large,25,heuristic
271.0,96.8662,0.3574,5280.0,1.0,0.3574,0.6426,94,0.000998,50M_50N_10T,Large,26,heuristic
301.0,90.2408,0.2998,5810.0,1.0,0.2998,0.7002,98,0.0,50M_50N_10T,Large,27,heuristic
267.0,97.0902,0.3636,5670.0,1.0,0.3636,0.6364,104,0.001,50M_50N_10T,Large,28,heuristic
253.0,64.9445,0.2567,5950.0,1.0,0.2567,0.7433,99,0.000999,50M_50N_10T,Large,29,heuristic
284.0,111.5175,0.3927,5950.0,1.0,0.3927,0.6073,98,0.0,50M_50N_10T,Large,30,heuristic
295.0,99.1202,0.336,5450.0,1.0,0.336,0.664,95,0.001,50M_50N_10T,Large,31,heuristic
301.0,95.8297,0.3184,6750.0,1.0,0.3184,0.6816,115,0.001,50M_50N_10T,Large,32,heuristic
268.0,110.067,0.4107,5730.0,1.0,0.4107,0.5893,94,0.0,50M_50N_10T,Large,33,heuristic
266.0,98.8023,0.3714,5410.0,1.0,0.3714,0.6286,89,0.001,50M_50N_10T,Large,34,heuristic
250.0,104.3807,0.4175,6340.0,1.0,0.4175,0.5825,104,0.0,50M_50N_10T,Large,35,heuristic
293.0,150.9972,0.5153,4640.0,1.0,0.5153,0.4847,93,0.0,50M_50N_10T,Large,36,heuristic
240.0,75.8533,0.3161,5960.0,1.0,0.3161,0.6839,105,0.001,50M_50N_10T,Large,37,heuristic
269.0,166.5294,0.6191,5630.0,1.0,0.6191,0.3809,101,0.0,50M_50N_10T,Large,38,heuristic
251.0,74.6337,0.2973,6490.0,1.0,0.2973,0.7027,109,0.001001,50M_50N_10T,Large,39,heuristic
285.0,123.6205,0.4338,6290.0,1.0,0.4338,0.5662,101,0.000999,50M_50N_10T,Large,40,heuristic
275.0,135.8022,0.4938,5910.0,1.0,0.4938,0.5062,100,0.0,50M_50N_10T,Large,41,heuristic
281.0,103.1367,0.367,5950.0,1.0,0.367,0.633,104,0.001,50M_50N_10T,Large,42,heuristic
277.0,132.7021,0.4791,5980.0,1.0,0.4791,0.5209,97,0.0,50M_50N_10T,Large,43,heuristic
273.0,125.3662,0.4592,6370.0,1.0,0.4592,0.5408,102,0.0,50M_50N_10T,Large,44,heuristic
271.0,78.2575,0.2888,5910.0,1.0,0.2888,0.7112,100,0.001,50M_50N_10T,Large,45,heuristic
283.0,151.1871,0.5342,6540.0,1.0,0.5342,0.4658,100,0.0,50M_50N_10T,Large,46,heuristic
300.0,89.939,0.2998,6030.0,1.0,0.2998,0.7002,104,0.001,50M_50N_10T,Large,47,heuristic
282.0,69.5079,0.2465,6320.0,1.0,0.2465,0.7535,103,0.001002,50M_50N_10T,Large,48,heuristic
283.0,83.6779,0.2957,6390.0,1.0,0.2957,0.7043,105,0.000998,50M_50N_10T,Large,49,heuristic
