init_value,remaining_value,remaining_norm,total_cost,cost_norm,objective,destruction,fires,time_s,size,scale,instance
16.0,2.2546,0.1409,440.0,1.0,0.1409,0.8591,9,0.2187,5M_5N_5T,Small,0
29.0,1.9747,0.0681,440.0,0.7857,0.0681,0.9319,9,0.0788,5M_5N_5T,Small,1
25.0,3.6453,0.1458,380.0,0.9268,0.1458,0.8542,8,0.0784,5M_5N_5T,Small,2
32.0,2.8496,0.089,730.0,0.8295,0.089,0.911,10,0.0752,5M_5N_5T,Small,3
19.0,0.9704,0.0511,600.0,0.8696,0.0511,0.9489,13,0.0754,5M_5N_5T,Small,4
37.0,2.6045,0.0704,730.0,1.0,0.0704,0.9296,10,0.0598,5M_5N_5T,Small,5
20.0,1.4814,0.0741,520.0,0.9123,0.0741,0.9259,9,0.0657,5M_5N_5T,Small,6
27.0,1.7625,0.0653,690.0,0.8961,0.0653,0.9347,9,0.0734,5M_5N_5T,Small,7
28.0,2.2651,0.0809,660.0,1.0,0.0809,0.9191,10,0.0559,5M_5N_5T,Small,8
31.0,1.5177,0.049,890.0,1.0,0.049,0.951,13,0.0834,5M_5N_5T,Small,9
24.0,3.8417,0.1601,500.0,1.0,0.1601,0.8399,8,0.0675,5M_5N_5T,Small,10
30.0,1.2857,0.0429,640.0,1.0,0.0429,0.9571,10,0.0666,5M_5N_5T,Small,11
23.0,2.2748,0.0989,510.0,1.0,0.0989,0.9011,8,0.075,5M_5N_5T,Small,12
35.0,3.4997,0.1,530.0,1.0,0.1,0.9,9,0.0541,5M_5N_5T,Small,13
19.0,1.0579,0.0557,570.0,1.0,0.0557,0.9443,11,0.0833,5M_5N_5T,Small,14
21.0,2.5696,0.1224,350.0,1.0,0.1224,0.8776,11,0.0673,5M_5N_5T,Small,15
33.0,4.3889,0.133,460.0,1.0,0.133,0.867,9,0.0833,5M_5N_5T,Small,16
23.0,1.3217,0.0575,510.0,0.9107,0.0575,0.9425,9,0.0709,5M_5N_5T,Small,17
31.0,2.9574,0.0954,440.0,0.7719,0.0954,0.9046,10,0.058,5M_5N_5T,Small,18
25.0,2.1362,0.0854,550.0,0.9167,0.0854,0.9146,10,0.0663,5M_5N_5T,Small,19
34.0,5.8015,0.1706,580.0,0.8657,0.1706,0.8294,8,0.0666,5M_5N_5T,Small,20
30.0,2.281,0.076,550.0,1.0,0.076,0.924,10,0.0667,5M_5N_5T,Small,21
26.0,3.1586,0.1215,590.0,0.8551,0.1215,0.8785,7,0.0668,5M_5N_5T,Small,22
29.0,1.9,0.0655,520.0,1.0,0.0655,0.9345,10,0.0831,5M_5N_5T,Small,23
19.0,1.0131,0.0533,450.0,0.8491,0.0533,0.9467,10,0.0501,5M_5N_5T,Small,24
17.0,2.5875,0.1522,500.0,1.0,0.1522,0.8478,8,0.0501,5M_5N_5T,Small,25
33.0,1.6578,0.0502,450.0,1.0,0.0502,0.9498,11,0.0499,5M_5N_5T,Small,26
44.0,6.119,0.1391,450.0,0.8333,0.1391,0.8609,9,0.0501,5M_5N_5T,Small,27
44.0,4.1028,0.0932,630.0,0.7778,0.0932,0.9068,10,0.0497,5M_5N_5T,Small,28
16.0,1.376,0.086,620.0,0.9538,0.086,0.914,10,0.0834,5M_5N_5T,Small,29
21.0,1.3497,0.0643,550.0,0.8594,0.0643,0.9357,9,0.1165,5M_5N_5T,Small,30
31.0,2.1382,0.069,440.0,1.0,0.069,0.931,9,0.0667,5M_5N_5T,Small,31
17.0,0.8325,0.049,620.0,1.0,0.049,0.951,10,0.0663,5M_5N_5T,Small,32
25.0,1.3879,0.0555,670.0,1.0,0.0555,0.9445,11,0.0998,5M_5N_5T,Small,33
31.0,1.0503,0.0339,700.0,1.0,0.0339,0.9661,12,0.1337,5M_5N_5T,Small,34
30.0,3.7031,0.1234,800.0,1.0,0.1234,0.8766,10,0.1331,5M_5N_5T,Small,35
31.0,7.6901,0.2481,380.0,0.9268,0.2481,0.7519,7,0.1329,5M_5N_5T,Small,36
25.0,2.2927,0.0917,550.0,0.9483,0.0917,0.9083,10,0.1329,5M_5N_5T,Small,37
34.0,3.3426,0.0983,710.0,0.9342,0.0983,0.9017,11,0.1334,5M_5N_5T,Small,38
28.0,3.325,0.1188,430.0,1.0,0.1188,0.8812,9,0.1338,5M_5N_5T,Small,39
35.0,4.6853,0.1339,520.0,0.8254,0.1339,0.8661,9,0.1176,5M_5N_5T,Small,40
32.0,2.5631,0.0801,780.0,1.0,0.0801,0.9199,9,0.1333,5M_5N_5T,Small,41
33.0,5.2926,0.1604,550.0,1.0,0.1604,0.8396,9,0.1332,5M_5N_5T,Small,42
31.0,2.2729,0.0733,530.0,1.0,0.0733,0.9267,12,0.1167,5M_5N_5T,Small,43
34.0,3.3169,0.0976,640.0,1.0,0.0976,0.9024,10,0.1327,5M_5N_5T,Small,44
26.0,2.0497,0.0788,340.0,0.9444,0.0788,0.9212,9,0.1334,5M_5N_5T,Small,45
41.0,7.501,0.183,360.0,1.0,0.183,0.817,7,0.1168,5M_5N_5T,Small,46
25.0,2.7181,0.1087,460.0,0.8364,0.1087,0.8913,8,0.1166,5M_5N_5T,Small,47
27.0,2.6722,0.099,370.0,0.925,0.099,0.901,9,0.1164,5M_5N_5T,Small,48
25.0,6.6267,0.2651,400.0,1.0,0.2651,0.7349,7,0.1161,5M_5N_5T,Small,49
42.0,13.1584,0.3133,720.0,0.9,0.3133,0.6867,8,0.1334,5M_7N_5T,Small,0
34.0,7.9517,0.2339,590.0,1.0,0.2339,0.7661,8,0.1332,5M_7N_5T,Small,1
35.0,7.1076,0.2031,440.0,0.8,0.2031,0.7969,9,0.1332,5M_7N_5T,Small,2
47.0,4.7005,0.1,930.0,1.0,0.1,0.9,12,0.1497,5M_7N_5T,Small,3
39.0,4.4574,0.1143,640.0,1.0,0.1143,0.8857,12,0.1324,5M_7N_5T,Small,4
31.0,4.3574,0.1406,500.0,1.0,0.1406,0.8594,11,0.1331,5M_7N_5T,Small,5
33.0,7.5292,0.2282,690.0,1.0,0.2282,0.7718,10,0.1335,5M_7N_5T,Small,6
36.0,11.3081,0.3141,320.0,1.0,0.3141,0.6859,5,0.1168,5M_7N_5T,Small,7
40.0,9.1962,0.2299,580.0,0.8529,0.2299,0.7701,8,0.133,5M_7N_5T,Small,8
40.0,4.5287,0.1132,540.0,1.0,0.1132,0.8868,10,0.1333,5M_7N_5T,Small,9
32.0,1.9574,0.0612,760.0,1.0,0.0612,0.9388,12,0.1331,5M_7N_5T,Small,10
32.0,7.5426,0.2357,480.0,1.0,0.2357,0.7643,8,0.1331,5M_7N_5T,Small,11
48.0,7.4629,0.1555,440.0,1.0,0.1555,0.8445,10,0.1327,5M_7N_5T,Small,12
32.0,4.9126,0.1535,640.0,0.8767,0.1535,0.8465,9,0.1173,5M_7N_5T,Small,13
33.0,4.0631,0.1231,570.0,1.0,0.1231,0.8769,11,0.1164,5M_7N_5T,Small,14
53.0,12.1154,0.2286,450.0,1.0,0.2286,0.7714,9,0.1332,5M_7N_5T,Small,15
37.0,5.0731,0.1371,480.0,0.8889,0.1371,0.8629,9,0.1335,5M_7N_5T,Small,16
31.0,4.4006,0.142,710.0,1.0,0.142,0.858,10,0.1333,5M_7N_5T,Small,17
31.0,7.9565,0.2567,450.0,1.0,0.2567,0.7433,7,0.0826,5M_7N_5T,Small,18
27.0,4.1763,0.1547,430.0,1.0,0.1547,0.8453,10,0.05,5M_7N_5T,Small,19
35.0,4.5564,0.1302,550.0,0.9483,0.1302,0.8698,10,0.0665,5M_7N_5T,Small,20
49.0,4.8024,0.098,1030.0,0.9115,0.098,0.902,13,0.0656,5M_7N_5T,Small,21
29.0,2.4661,0.085,730.0,0.9241,0.085,0.915,12,0.05,5M_7N_5T,Small,22
55.0,6.0068,0.1092,830.0,0.9121,0.1092,0.8908,12,0.0672,5M_7N_5T,Small,23
38.0,7.2785,0.1915,580.0,1.0,0.1915,0.8085,10,0.0662,5M_7N_5T,Small,24
41.0,7.6663,0.187,670.0,1.0,0.187,0.813,10,0.05,5M_7N_5T,Small,25
40.0,9.3144,0.2329,440.0,1.0,0.2329,0.7671,8,0.067,5M_7N_5T,Small,26
50.0,10.8339,0.2167,540.0,0.8438,0.2167,0.7833,9,0.0497,5M_7N_5T,Small,27
43.0,14.3409,0.3335,400.0,1.0,0.3335,0.6665,6,0.0835,5M_7N_5T,Small,28
36.0,3.7171,0.1033,830.0,1.0,0.1033,0.8967,12,0.1338,5M_7N_5T,Small,29
51.0,7.4522,0.1461,750.0,1.0,0.1461,0.8539,11,0.1331,5M_7N_5T,Small,30
34.0,4.2392,0.1247,770.0,1.0,0.1247,0.8753,10,0.1336,5M_7N_5T,Small,31
38.0,13.0768,0.3441,350.0,1.0,0.3441,0.6559,6,0.1168,5M_7N_5T,Small,32
53.0,7.808,0.1473,570.0,1.0,0.1473,0.8527,11,0.1331,5M_7N_5T,Small,33
51.0,7.6818,0.1506,640.0,1.0,0.1506,0.8494,10,0.133,5M_7N_5T,Small,34
22.0,5.9241,0.2693,460.0,1.0,0.2693,0.7307,8,0.1338,5M_7N_5T,Small,35
40.0,18.1799,0.4545,340.0,1.0,0.4545,0.5455,5,0.1163,5M_7N_5T,Small,36
29.0,3.5786,0.1234,410.0,1.0,0.1234,0.8766,11,0.1331,5M_7N_5T,Small,37
41.0,6.3852,0.1557,340.0,0.9444,0.1557,0.8443,10,0.1338,5M_7N_5T,Small,38
34.0,4.1518,0.1221,850.0,0.9239,0.1221,0.8779,10,0.116,5M_7N_5T,Small,39
46.0,3.9324,0.0855,750.0,0.9036,0.0855,0.9145,12,0.1335,5M_7N_5T,Small,40
37.0,5.3806,0.1454,560.0,1.0,0.1454,0.8546,11,0.1163,5M_7N_5T,Small,41
28.0,4.467,0.1595,720.0,0.9231,0.1595,0.8405,10,0.1331,5M_7N_5T,Small,42
34.0,4.4521,0.1309,650.0,1.0,0.1309,0.8691,10,0.1336,5M_7N_5T,Small,43
34.0,2.5921,0.0762,820.0,0.82,0.0762,0.9238,11,0.067,5M_7N_5T,Small,44
41.0,5.9652,0.1455,670.0,1.0,0.1455,0.8545,10,0.083,5M_7N_5T,Small,45
26.0,4.7021,0.1808,750.0,1.0,0.1808,0.8192,9,0.0667,5M_7N_5T,Small,46
38.0,3.3252,0.0875,680.0,0.8395,0.0875,0.9125,11,0.0842,5M_7N_5T,Small,47
42.0,3.5203,0.0838,820.0,1.0,0.0838,0.9162,12,0.0828,5M_7N_5T,Small,48
33.0,2.8081,0.0851,630.0,0.9545,0.0851,0.9149,11,0.0663,5M_7N_5T,Small,49
27.0,0.2484,0.0092,1020.0,0.9107,0.0092,0.9908,16,0.0996,7M_5N_5T,Small,0
20.0,0.656,0.0328,670.0,1.0,0.0328,0.9672,13,0.1003,7M_5N_5T,Small,1
38.0,0.3432,0.009,790.0,1.0,0.009,0.991,17,0.1164,7M_5N_5T,Small,2
27.0,0.7786,0.0288,870.0,0.7768,0.0288,0.9712,14,0.1002,7M_5N_5T,Small,3
33.0,0.8486,0.0257,820.0,0.9213,0.0257,0.9743,14,0.1001,7M_5N_5T,Small,4
25.0,0.7324,0.0293,820.0,0.9111,0.0293,0.9707,13,0.0997,7M_5N_5T,Small,5
18.0,1.2079,0.0671,540.0,0.9643,0.0671,0.9329,11,0.1,7M_5N_5T,Small,6
19.0,0.6148,0.0324,870.0,1.0,0.0324,0.9676,17,0.1007,7M_5N_5T,Small,7
32.0,1.7593,0.055,870.0,1.0,0.055,0.945,11,0.085,7M_5N_5T,Small,8
22.0,0.3387,0.0154,760.0,0.9157,0.0154,0.9846,14,0.0999,7M_5N_5T,Small,9
31.0,1.6219,0.0523,710.0,1.0,0.0523,0.9477,11,0.0997,7M_5N_5T,Small,10
16.0,0.548,0.0343,790.0,0.9186,0.0343,0.9657,12,0.0997,7M_5N_5T,Small,11
31.0,1.4506,0.0468,840.0,0.866,0.0468,0.9532,13,0.0999,7M_5N_5T,Small,12
22.0,0.3084,0.014,670.0,0.8171,0.014,0.986,13,0.1003,7M_5N_5T,Small,13
30.0,0.403,0.0134,780.0,1.0,0.0134,0.9866,16,0.0996,7M_5N_5T,Small,14
20.0,0.3635,0.0182,780.0,0.9176,0.0182,0.9818,14,0.0864,7M_5N_5T,Small,15
29.0,0.4194,0.0145,810.0,0.8438,0.0145,0.9855,15,0.082,7M_5N_5T,Small,16
15.0,0.8811,0.0587,530.0,0.8281,0.0587,0.9413,12,0.0661,7M_5N_5T,Small,17
28.0,1.2853,0.0459,840.0,0.913,0.0459,0.9541,14,0.0683,7M_5N_5T,Small,18
33.0,1.0602,0.0321,730.0,1.0,0.0321,0.9679,12,0.083,7M_5N_5T,Small,19
20.0,0.6872,0.0344,890.0,0.9175,0.0344,0.9656,12,0.0824,7M_5N_5T,Small,20
28.0,1.6662,0.0595,730.0,0.9605,0.0595,0.9405,12,0.0672,7M_5N_5T,Small,21
31.0,1.1484,0.037,930.0,1.0,0.037,0.963,14,0.0812,7M_5N_5T,Small,22
20.0,0.3258,0.0163,960.0,1.0,0.0163,0.9837,15,0.1,7M_5N_5T,Small,23
39.0,1.1952,0.0306,800.0,0.9524,0.0306,0.9694,14,0.1001,7M_5N_5T,Small,24
26.0,1.0276,0.0395,730.0,0.8488,0.0395,0.9605,13,0.1,7M_5N_5T,Small,25
22.0,0.5336,0.0243,780.0,1.0,0.0243,0.9757,13,0.1018,7M_5N_5T,Small,26
27.0,0.5105,0.0189,850.0,0.9551,0.0189,0.9811,16,0.0842,7M_5N_5T,Small,27
35.0,1.7871,0.0511,740.0,1.0,0.0511,0.9489,13,0.0808,7M_5N_5T,Small,28
25.0,0.4237,0.0169,750.0,0.8929,0.0169,0.9831,13,0.0684,7M_5N_5T,Small,29
30.0,1.9564,0.0652,610.0,0.7821,0.0652,0.9348,11,0.1141,7M_5N_5T,Small,30
34.0,2.6697,0.0785,820.0,0.9011,0.0785,0.9215,11,0.1668,7M_5N_5T,Small,31
27.0,1.501,0.0556,520.0,1.0,0.0556,0.9444,11,0.1663,7M_5N_5T,Small,32
19.0,1.6104,0.0848,790.0,0.908,0.0848,0.9152,12,0.1833,7M_5N_5T,Small,33
29.0,0.9467,0.0326,660.0,0.9167,0.0326,0.9674,13,0.1667,7M_5N_5T,Small,34
24.0,0.6481,0.027,810.0,0.9419,0.027,0.973,15,0.0999,7M_5N_5T,Small,35
19.0,1.1594,0.061,600.0,0.8824,0.061,0.939,13,0.1,7M_5N_5T,Small,36
36.0,2.2218,0.0617,750.0,1.0,0.0617,0.9383,11,0.0836,7M_5N_5T,Small,37
16.0,0.3872,0.0242,1010.0,1.0,0.0242,0.9758,16,0.0676,7M_5N_5T,Small,38
31.0,2.0885,0.0674,710.0,1.0,0.0674,0.9326,12,0.0696,7M_5N_5T,Small,39
25.0,1.1756,0.047,800.0,0.9091,0.047,0.953,13,0.0831,7M_5N_5T,Small,40
30.0,1.7123,0.0571,620.0,1.0,0.0571,0.9429,12,0.0671,7M_5N_5T,Small,41
27.0,0.368,0.0136,620.0,0.9538,0.0136,0.9864,15,0.0663,7M_5N_5T,Small,42
23.0,0.4089,0.0178,830.0,0.954,0.0178,0.9822,15,0.0838,7M_5N_5T,Small,43
23.0,1.3392,0.0582,710.0,1.0,0.0582,0.9418,11,0.0849,7M_5N_5T,Small,44
23.0,0.5087,0.0221,980.0,0.9074,0.0221,0.9779,14,0.0675,7M_5N_5T,Small,45
33.0,1.322,0.0401,900.0,0.8911,0.0401,0.9599,14,0.0775,7M_5N_5T,Small,46
29.0,1.4238,0.0491,600.0,0.9524,0.0491,0.9509,11,0.0682,7M_5N_5T,Small,47
26.0,0.3821,0.0147,970.0,1.0,0.0147,0.9853,14,0.082,7M_5N_5T,Small,48
27.0,1.9577,0.0725,570.0,1.0,0.0725,0.9275,9,0.0664,7M_5N_5T,Small,49
89.0,45.9792,0.5166,1250.0,0.7485,0.5166,0.4834,26,0.1661,15M_15N_5T,Medium,0
96.0,61.227,0.6378,1460.0,0.8066,0.6378,0.3622,26,0.1418,15M_15N_5T,Medium,1
88.0,49.8223,0.5662,990.0,0.6689,0.5662,0.4338,16,0.1421,15M_15N_5T,Medium,2
86.0,12.3827,0.144,1530.0,1.0,0.144,0.856,32,0.171,15M_15N_5T,Medium,3
64.0,38.2299,0.5973,900.0,0.566,0.5973,0.4027,15,0.1424,15M_15N_5T,Medium,4
70.0,37.8889,0.5413,1120.0,0.64,0.5413,0.4587,20,0.1497,15M_15N_5T,Medium,5
93.0,50.2883,0.5407,1430.0,0.7606,0.5407,0.4593,20,0.2993,15M_15N_5T,Medium,6
79.0,48.9228,0.6193,1110.0,0.6416,0.6193,0.3807,18,0.3333,15M_15N_5T,Medium,7
79.0,44.5494,0.5639,1000.0,0.7042,0.5639,0.4361,21,0.3336,15M_15N_5T,Medium,8
87.0,50.601,0.5816,1150.0,0.6284,0.5816,0.4184,18,0.3167,15M_15N_5T,Medium,9
66.0,35.1069,0.5319,1110.0,0.5904,0.5319,0.4681,19,0.2832,15M_15N_5T,Medium,10
89.0,47.7962,0.537,1380.0,0.6635,0.537,0.463,22,0.2003,15M_15N_5T,Medium,11
83.0,40.7367,0.4908,1540.0,0.6906,0.4908,0.5092,22,0.1999,15M_15N_5T,Medium,12
94.0,61.3862,0.653,1660.0,0.6748,0.653,0.347,26,0.1996,15M_15N_5T,Medium,13
78.0,41.1002,0.5269,1140.0,0.7808,0.5269,0.4731,20,0.1883,15M_15N_5T,Medium,14
73.0,42.8335,0.5868,800.0,0.6897,0.5868,0.4132,14,0.183,15M_15N_5T,Medium,15
81.0,51.22,0.6323,1250.0,0.6039,0.6323,0.3677,20,0.2002,15M_15N_5T,Medium,16
85.0,41.5833,0.4892,1550.0,0.7598,0.4892,0.5108,24,0.2003,15M_15N_5T,Medium,17
97.0,70.7983,0.7299,1010.0,0.6871,0.7299,0.2701,20,0.2,15M_15N_5T,Medium,18
97.0,60.5981,0.6247,1060.0,0.6272,0.6247,0.3753,17,0.1834,15M_15N_5T,Medium,19
95.0,53.7447,0.5657,900.0,0.6338,0.5657,0.4343,17,0.1845,15M_15N_5T,Medium,20
87.0,44.2106,0.5082,1400.0,0.6731,0.5082,0.4918,23,0.2,15M_15N_5T,Medium,21
78.0,49.8413,0.639,1390.0,0.6847,0.639,0.361,22,0.2,15M_15N_5T,Medium,22
66.0,36.693,0.556,1410.0,0.6351,0.556,0.444,20,0.1991,15M_15N_5T,Medium,23
83.0,46.4644,0.5598,1750.0,0.6944,0.5598,0.4402,25,0.1995,15M_15N_5T,Medium,24
92.0,45.8126,0.498,1380.0,0.75,0.498,0.502,21,0.1998,15M_15N_5T,Medium,25
88.0,51.4266,0.5844,1030.0,0.6645,0.5844,0.4156,19,0.183,15M_15N_5T,Medium,26
57.0,16.3847,0.2875,1650.0,0.7674,0.2875,0.7125,24,0.1836,15M_15N_5T,Medium,27
95.0,47.8873,0.5041,1420.0,0.6667,0.5041,0.4959,20,0.1833,15M_15N_5T,Medium,28
71.0,33.4214,0.4707,1090.0,0.5892,0.4707,0.5293,18,0.1892,15M_15N_5T,Medium,29
83.0,57.4157,0.6918,930.0,0.7623,0.6918,0.3082,17,0.1924,15M_15N_5T,Medium,30
70.0,43.7388,0.6248,1000.0,0.6369,0.6248,0.3752,18,0.1823,15M_15N_5T,Medium,31
83.0,48.5427,0.5849,950.0,0.6333,0.5849,0.4151,17,0.2995,15M_15N_5T,Medium,32
75.0,47.6991,0.636,1010.0,0.6392,0.636,0.364,18,0.3171,15M_15N_5T,Medium,33
84.0,56.4091,0.6715,970.0,0.7951,0.6715,0.3285,18,0.234,15M_15N_5T,Medium,34
70.0,27.8301,0.3976,1020.0,0.8571,0.3976,0.6024,19,0.1995,15M_15N_5T,Medium,35
102.0,72.5529,0.7113,1270.0,0.7216,0.7113,0.2887,21,0.1994,15M_15N_5T,Medium,36
76.0,40.7109,0.5357,970.0,0.533,0.5357,0.4643,17,0.1829,15M_15N_5T,Medium,37
74.0,47.1918,0.6377,1400.0,0.6364,0.6377,0.3623,18,0.1836,15M_15N_5T,Medium,38
79.0,37.459,0.4742,1600.0,0.7512,0.4742,0.5258,23,0.1987,15M_15N_5T,Medium,39
78.0,46.239,0.5928,1350.0,0.7068,0.5928,0.4072,19,0.2001,15M_15N_5T,Medium,40
93.0,60.9784,0.6557,1100.0,0.6748,0.6557,0.3443,24,0.2002,15M_15N_5T,Medium,41
53.0,30.4668,0.5748,750.0,0.4777,0.5748,0.4252,13,0.1833,15M_15N_5T,Medium,42
70.0,33.6256,0.4804,1480.0,0.6948,0.4804,0.5196,23,0.1842,15M_15N_5T,Medium,43
83.0,45.8212,0.5521,1330.0,0.665,0.5521,0.4479,22,0.1835,15M_15N_5T,Medium,44
78.0,38.1539,0.4892,1210.0,0.6205,0.4892,0.5108,20,0.2167,15M_15N_5T,Medium,45
92.0,53.4986,0.5815,1150.0,0.6284,0.5815,0.4185,21,0.3334,15M_15N_5T,Medium,46
82.0,47.4242,0.5783,1010.0,0.5941,0.5783,0.4217,17,0.3318,15M_15N_5T,Medium,47
85.0,41.1976,0.4847,1490.0,0.6422,0.4847,0.5153,21,0.3336,15M_15N_5T,Medium,48
68.0,44.4059,0.653,1130.0,0.5707,0.653,0.347,16,0.3164,15M_15N_5T,Medium,49
109.0,87.4152,0.802,730.0,0.5034,0.802,0.198,12,0.2846,15M_20N_5T,Medium,0
111.0,89.1249,0.8029,1220.0,0.5622,0.8029,0.1971,19,0.1837,15M_20N_5T,Medium,1
132.0,99.7007,0.7553,960.0,0.5614,0.7553,0.2447,19,0.2,15M_20N_5T,Medium,2
102.0,75.0128,0.7354,1300.0,0.5306,0.7354,0.2646,17,0.1977,15M_20N_5T,Medium,3
117.0,93.493,0.7991,670.0,0.3851,0.7991,0.2009,15,0.1881,15M_20N_5T,Medium,4
106.0,78.7898,0.7433,950.0,0.4948,0.7433,0.2567,16,0.1631,15M_20N_5T,Medium,5
118.0,88.3314,0.7486,730.0,0.4966,0.7486,0.2514,14,0.1885,15M_20N_5T,Medium,6
117.0,97.692,0.835,1040.0,0.5591,0.835,0.165,18,0.188,15M_20N_5T,Medium,7
116.0,83.3892,0.7189,1110.0,0.5068,0.7189,0.2811,17,0.1886,15M_20N_5T,Medium,8
92.0,73.9386,0.8037,1000.0,0.5263,0.8037,0.1963,18,0.1885,15M_20N_5T,Medium,9
110.0,76.026,0.6911,1050.0,0.5615,0.6911,0.3089,17,0.1967,15M_20N_5T,Medium,10
103.0,86.4879,0.8397,1150.0,0.6216,0.8397,0.1603,19,0.1856,15M_20N_5T,Medium,11
115.0,82.5048,0.7174,1090.0,0.5477,0.7174,0.2826,16,0.1949,15M_20N_5T,Medium,12
114.0,86.7889,0.7613,790.0,0.5338,0.7613,0.2387,13,0.1892,15M_20N_5T,Medium,13
99.0,71.6702,0.7239,1010.0,0.5,0.7239,0.2761,16,0.1907,15M_20N_5T,Medium,14
126.0,80.5558,0.6393,1060.0,0.5668,0.6393,0.3607,18,0.162,15M_20N_5T,Medium,15
118.0,91.3833,0.7744,1130.0,0.5707,0.7744,0.2256,17,0.2415,15M_20N_5T,Medium,16
130.0,99.0142,0.7616,1080.0,0.5838,0.7616,0.2384,17,0.1453,15M_20N_5T,Medium,17
114.0,84.641,0.7425,950.0,0.5429,0.7425,0.2575,15,0.1421,15M_20N_5T,Medium,18
104.0,76.7486,0.738,970.0,0.5774,0.738,0.262,18,0.145,15M_20N_5T,Medium,19
120.0,94.0293,0.7836,1210.0,0.5681,0.7836,0.2164,18,0.1329,15M_20N_5T,Medium,20
123.0,92.5888,0.7528,1690.0,0.5972,0.7528,0.2472,22,0.1637,15M_20N_5T,Medium,21
104.0,78.6101,0.7559,1190.0,0.5667,0.7559,0.2441,18,0.1481,15M_20N_5T,Medium,22
115.0,82.5833,0.7181,1230.0,0.5616,0.7181,0.2819,19,0.1502,15M_20N_5T,Medium,23
88.0,67.0148,0.7615,890.0,0.4972,0.7615,0.2385,13,0.1513,15M_20N_5T,Medium,24
109.0,83.1319,0.7627,1060.0,0.5792,0.7627,0.2373,16,0.1416,15M_20N_5T,Medium,25
112.0,93.3694,0.8337,910.0,0.5112,0.8337,0.1663,13,0.1434,15M_20N_5T,Medium,26
90.0,68.1729,0.7575,830.0,0.4536,0.7575,0.2425,15,0.15,15M_20N_5T,Medium,27
117.0,82.677,0.7066,1130.0,0.5485,0.7066,0.2934,17,0.1553,15M_20N_5T,Medium,28
136.0,111.3689,0.8189,890.0,0.5528,0.8189,0.1811,14,0.1437,15M_20N_5T,Medium,29
115.0,87.917,0.7645,850.0,0.5247,0.7645,0.2355,16,0.1472,15M_20N_5T,Medium,30
124.0,101.9498,0.8222,690.0,0.4726,0.8222,0.1778,13,0.1437,15M_20N_5T,Medium,31
132.0,99.1416,0.7511,640.0,0.4706,0.7511,0.2489,13,0.1445,15M_20N_5T,Medium,32
99.0,74.9596,0.7572,950.0,0.5278,0.7572,0.2428,15,0.1468,15M_20N_5T,Medium,33
125.0,87.2446,0.698,1210.0,0.5817,0.698,0.302,17,0.1411,15M_20N_5T,Medium,34
116.0,85.6268,0.7382,900.0,0.4615,0.7382,0.2618,14,0.1434,15M_20N_5T,Medium,35
119.0,86.9168,0.7304,1020.0,0.5896,0.7304,0.2696,18,0.1555,15M_20N_5T,Medium,36
104.0,83.1172,0.7992,1390.0,0.5816,0.7992,0.2008,20,0.148,15M_20N_5T,Medium,37
104.0,66.0275,0.6349,1120.0,0.6022,0.6349,0.3651,20,0.1479,15M_20N_5T,Medium,38
101.0,68.2635,0.6759,1010.0,0.5489,0.6759,0.3241,16,0.1427,15M_20N_5T,Medium,39
108.0,71.4662,0.6617,800.0,0.4762,0.6617,0.3383,16,0.1451,15M_20N_5T,Medium,40
120.0,82.1739,0.6848,1090.0,0.5046,0.6848,0.3152,17,0.1446,15M_20N_5T,Medium,41
111.0,75.0237,0.6759,800.0,0.4651,0.6759,0.3241,14,0.1423,15M_20N_5T,Medium,42
97.0,69.083,0.7122,830.0,0.5608,0.7122,0.2878,15,0.1442,15M_20N_5T,Medium,43
96.0,75.1359,0.7827,850.0,0.5629,0.7827,0.2173,16,0.1772,15M_20N_5T,Medium,44
118.0,94.7657,0.8031,1150.0,0.5399,0.8031,0.1969,18,0.1909,15M_20N_5T,Medium,45
113.0,82.4351,0.7295,1170.0,0.5652,0.7295,0.2705,19,0.1794,15M_20N_5T,Medium,46
116.0,84.762,0.7307,1370.0,0.5458,0.7307,0.2693,17,0.1854,15M_20N_5T,Medium,47
119.0,80.6249,0.6775,1210.0,0.5817,0.6775,0.3225,19,0.1925,15M_20N_5T,Medium,48
115.0,84.0558,0.7309,860.0,0.5584,0.7309,0.2691,16,0.188,15M_20N_5T,Medium,49
104.0,87.2865,0.8393,1840.0,0.6595,0.8393,0.1607,28,0.2247,20M_20N_5T,Medium,0
113.0,87.8464,0.7774,1630.0,0.6105,0.7774,0.2226,26,0.1984,20M_20N_5T,Medium,1
100.0,83.7255,0.8373,2020.0,0.6312,0.8373,0.1627,28,0.2366,20M_20N_5T,Medium,2
114.0,79.1236,0.6941,1390.0,0.6376,0.6941,0.3059,24,0.2695,20M_20N_5T,Medium,3
125.0,104.5491,0.8364,1910.0,0.6971,0.8364,0.1636,30,0.2661,20M_20N_5T,Medium,4
93.0,73.602,0.7914,1200.0,0.5357,0.7914,0.2086,18,0.2477,20M_20N_5T,Medium,5
87.0,74.5527,0.8569,1000.0,0.5682,0.8569,0.1431,19,0.2374,20M_20N_5T,Medium,6
129.0,97.3395,0.7546,1170.0,0.6923,0.7546,0.2454,27,0.1988,20M_20N_5T,Medium,7
105.0,92.6332,0.8822,1320.0,0.5176,0.8822,0.1178,20,0.1725,20M_20N_5T,Medium,8
102.0,81.4593,0.7986,1640.0,0.5597,0.7986,0.2014,27,0.1968,20M_20N_5T,Medium,9
108.0,91.563,0.8478,1360.0,0.562,0.8478,0.1522,22,0.1973,20M_20N_5T,Medium,10
112.0,90.2037,0.8054,1610.0,0.6466,0.8054,0.1946,25,0.194,20M_20N_5T,Medium,11
101.0,71.3544,0.7065,1660.0,0.6917,0.7065,0.2935,30,0.301,20M_20N_5T,Medium,12
114.0,89.1181,0.7817,1430.0,0.5885,0.7817,0.2183,23,0.4596,20M_20N_5T,Medium,13
100.0,70.4663,0.7047,1700.0,0.5802,0.7047,0.2953,23,0.4671,20M_20N_5T,Medium,14
118.0,94.4458,0.8004,2080.0,0.6688,0.8004,0.1996,31,0.2259,20M_20N_5T,Medium,15
109.0,89.4482,0.8206,1370.0,0.6313,0.8206,0.1794,23,0.2002,20M_20N_5T,Medium,16
122.0,89.6594,0.7349,1570.0,0.7072,0.7349,0.2651,25,0.2,20M_20N_5T,Medium,17
104.0,80.9567,0.7784,1340.0,0.6063,0.7784,0.2216,23,0.2154,20M_20N_5T,Medium,18
104.0,80.019,0.7694,1490.0,0.5866,0.7694,0.2306,25,0.201,20M_20N_5T,Medium,19
72.0,62.0642,0.862,1440.0,0.5625,0.862,0.138,25,0.2167,20M_20N_5T,Medium,20
130.0,104.9489,0.8073,1360.0,0.6326,0.8073,0.1927,24,0.1998,20M_20N_5T,Medium,21
120.0,95.2325,0.7936,1450.0,0.6682,0.7936,0.2064,26,0.2164,20M_20N_5T,Medium,22
109.0,94.0391,0.8627,1640.0,0.5899,0.8627,0.1373,25,0.2169,20M_20N_5T,Medium,23
106.0,82.5584,0.7789,1410.0,0.5685,0.7789,0.2211,22,0.2333,20M_20N_5T,Medium,24
119.0,95.4245,0.8019,1990.0,0.6862,0.8019,0.1981,28,0.283,20M_20N_5T,Medium,25
102.0,82.7124,0.8109,1190.0,0.5535,0.8109,0.1891,21,0.2125,20M_20N_5T,Medium,26
109.0,97.0976,0.8908,1650.0,0.6298,0.8908,0.1092,26,0.2366,20M_20N_5T,Medium,27
113.0,92.5271,0.8188,1260.0,0.5915,0.8188,0.1812,20,0.2417,20M_20N_5T,Medium,28
124.0,93.3455,0.7528,1610.0,0.688,0.7528,0.2472,24,0.2558,20M_20N_5T,Medium,29
127.0,98.2767,0.7738,1500.0,0.6667,0.7738,0.2262,28,0.2617,20M_20N_5T,Medium,30
132.0,100.0646,0.7581,1680.0,0.6512,0.7581,0.2419,28,0.269,20M_20N_5T,Medium,31
120.0,98.2252,0.8185,1490.0,0.6804,0.8185,0.1815,27,0.2691,20M_20N_5T,Medium,32
111.0,93.8953,0.8459,1160.0,0.617,0.8459,0.1541,21,0.2661,20M_20N_5T,Medium,33
115.0,92.4145,0.8036,1370.0,0.5983,0.8036,0.1964,25,0.2664,20M_20N_5T,Medium,34
105.0,86.3221,0.8221,1210.0,0.545,0.8221,0.1779,21,0.267,20M_20N_5T,Medium,35
101.0,78.9937,0.7821,1180.0,0.5339,0.7821,0.2179,21,0.2667,20M_20N_5T,Medium,36
130.0,96.174,0.7398,1610.0,0.6736,0.7398,0.2602,26,0.233,20M_20N_5T,Medium,37
109.0,80.155,0.7354,1880.0,0.6373,0.7354,0.2646,31,0.1991,20M_20N_5T,Medium,38
116.0,100.0912,0.8629,1720.0,0.6442,0.8629,0.1371,26,0.2026,20M_20N_5T,Medium,39
118.0,96.0927,0.8143,1690.0,0.65,0.8143,0.1857,26,0.1999,20M_20N_5T,Medium,40
113.0,98.1344,0.8684,1370.0,0.6227,0.8684,0.1316,23,0.2,20M_20N_5T,Medium,41
98.0,71.386,0.7284,1370.0,0.5957,0.7284,0.2716,25,0.1994,20M_20N_5T,Medium,42
97.0,84.1872,0.8679,1470.0,0.6176,0.8679,0.1321,24,0.2018,20M_20N_5T,Medium,43
115.0,79.4273,0.6907,1250.0,0.576,0.6907,0.3093,21,0.2,20M_20N_5T,Medium,44
111.0,80.1545,0.7221,1160.0,0.5771,0.7221,0.2779,22,0.1837,20M_20N_5T,Medium,45
118.0,99.8524,0.8462,1320.0,0.6197,0.8462,0.1538,23,0.2,20M_20N_5T,Medium,46
110.0,90.4743,0.8225,1490.0,0.5889,0.8225,0.1775,24,0.2004,20M_20N_5T,Medium,47
83.0,57.3043,0.6904,1250.0,0.5787,0.6904,0.3096,23,0.2017,20M_20N_5T,Medium,48
102.0,79.7731,0.7821,1480.0,0.5121,0.7821,0.2179,22,0.2666,20M_20N_5T,Medium,49
161.0,139.1253,0.8641,1780.0,0.5875,0.8641,0.1359,31,0.4501,30M_30N_5T,Large,0
151.0,132.0875,0.8748,2260.0,0.626,0.8748,0.1252,37,0.3016,30M_30N_5T,Large,1
156.0,136.0,0.8718,2290.0,0.6343,0.8718,0.1282,37,0.3511,30M_30N_5T,Large,2
139.0,130.0251,0.9354,2830.0,0.6476,0.9354,0.0646,44,0.5498,30M_30N_5T,Large,3
162.0,138.0065,0.8519,1940.0,0.634,0.8519,0.1481,39,0.6343,30M_30N_5T,Large,4
163.0,136.2498,0.8359,2450.0,0.6064,0.8359,0.1641,39,0.517,30M_30N_5T,Large,5
163.0,133.138,0.8168,1840.0,0.6093,0.8168,0.1832,32,0.3839,30M_30N_5T,Large,6
157.0,143.2641,0.9125,2450.0,0.6787,0.9125,0.0875,39,0.3831,30M_30N_5T,Large,7
181.0,156.1798,0.8629,2490.0,0.6975,0.8629,0.1371,43,0.4001,30M_30N_5T,Large,8
185.0,173.1119,0.9357,2340.0,0.7245,0.9357,0.0643,46,0.4012,30M_30N_5T,Large,9
136.0,105.0418,0.7724,2030.0,0.567,0.7724,0.2276,35,0.3755,30M_30N_5T,Large,10
158.0,124.0638,0.7852,1850.0,0.5394,0.7852,0.2148,30,0.2833,30M_30N_5T,Large,11
167.0,158.008,0.9462,2390.0,0.6988,0.9462,0.0538,46,0.3698,30M_30N_5T,Large,12
179.0,154.2619,0.8618,3100.0,0.6858,0.8618,0.1382,43,0.3165,30M_30N_5T,Large,13
166.0,133.0846,0.8017,1790.0,0.5908,0.8017,0.1983,32,0.3054,30M_30N_5T,Large,14
177.0,160.1637,0.9049,2520.0,0.6848,0.9049,0.0951,40,0.3018,30M_30N_5T,Large,15
175.0,159.1219,0.9093,2550.0,0.6818,0.9093,0.0907,39,0.298,30M_30N_5T,Large,16
187.0,153.4263,0.8205,2310.0,0.6453,0.8205,0.1795,35,0.2913,30M_30N_5T,Large,17
151.0,126.0677,0.8349,2160.0,0.587,0.8349,0.1651,33,0.2825,30M_30N_5T,Large,18
144.0,122.2163,0.8487,2320.0,0.6356,0.8487,0.1513,35,0.2809,30M_30N_5T,Large,19
177.0,147.1283,0.8312,2850.0,0.6674,0.8312,0.1688,41,0.2902,30M_30N_5T,Large,20
175.0,155.2365,0.8871,2500.0,0.6868,0.8871,0.1129,46,0.3036,30M_30N_5T,Large,21
177.0,158.0604,0.893,2230.0,0.6883,0.893,0.107,38,0.2834,30M_30N_5T,Large,22
139.0,117.0177,0.8419,1660.0,0.522,0.8419,0.1581,32,0.2839,30M_30N_5T,Large,23
174.0,152.0287,0.8737,2600.0,0.6878,0.8737,0.1263,40,0.2852,30M_30N_5T,Large,24
131.0,111.2795,0.8495,1810.0,0.5403,0.8495,0.1505,30,0.2843,30M_30N_5T,Large,25
138.0,121.1969,0.8782,1850.0,0.5473,0.8782,0.1218,30,0.2785,30M_30N_5T,Large,26
159.0,131.0998,0.8245,2180.0,0.6072,0.8245,0.1755,35,0.2903,30M_30N_5T,Large,27
159.0,132.2474,0.8317,2030.0,0.6324,0.8317,0.1683,35,0.3147,30M_30N_5T,Large,28
164.0,132.2921,0.8067,1680.0,0.5833,0.8067,0.1933,31,0.2854,30M_30N_5T,Large,29
167.0,143.2276,0.8577,2010.0,0.6301,0.8577,0.1423,35,0.3575,30M_30N_5T,Large,30
160.0,146.3676,0.9148,2760.0,0.69,0.9148,0.0852,41,0.3031,30M_30N_5T,Large,31
164.0,125.3705,0.7645,1820.0,0.5482,0.7645,0.2355,29,0.2741,30M_30N_5T,Large,32
169.0,156.2307,0.9244,2000.0,0.6873,0.9244,0.0756,37,0.2819,30M_30N_5T,Large,33
161.0,137.1064,0.8516,2000.0,0.639,0.8516,0.1484,30,0.2867,30M_30N_5T,Large,34
173.0,144.8815,0.8375,2250.0,0.5921,0.8375,0.1625,34,0.2825,30M_30N_5T,Large,35
190.0,153.0529,0.8055,2240.0,0.6418,0.8055,0.1945,35,0.2924,30M_30N_5T,Large,36
160.0,141.3031,0.8831,2430.0,0.648,0.8831,0.1169,37,0.5852,30M_30N_5T,Large,37
155.0,138.1641,0.8914,1980.0,0.5515,0.8914,0.1086,32,0.6365,30M_30N_5T,Large,38
156.0,134.2281,0.8604,2470.0,0.5923,0.8604,0.1396,38,0.3474,30M_30N_5T,Large,39
158.0,151.007,0.9557,2940.0,0.679,0.9557,0.0443,49,0.3054,30M_30N_5T,Large,40
165.0,129.0016,0.7818,2130.0,0.621,0.7818,0.2182,36,0.2818,30M_30N_5T,Large,41
156.0,139.0001,0.891,2580.0,0.6308,0.891,0.109,39,0.2824,30M_30N_5T,Large,42
176.0,141.3843,0.8033,2130.0,0.6174,0.8033,0.1967,35,0.2903,30M_30N_5T,Large,43
172.0,142.0749,0.826,2620.0,0.6453,0.826,0.174,41,0.2733,30M_30N_5T,Large,44
181.0,149.0309,0.8234,2530.0,0.664,0.8234,0.1766,37,0.2912,30M_30N_5T,Large,45
147.0,125.0539,0.8507,2330.0,0.6695,0.8507,0.1493,41,0.2834,30M_30N_5T,Large,46
186.0,161.0205,0.8657,2840.0,0.7172,0.8657,0.1343,47,0.2949,30M_30N_5T,Large,47
166.0,148.1062,0.8922,2450.0,0.6749,0.8922,0.1078,45,0.3014,30M_30N_5T,Large,48
190.0,182.0132,0.958,3070.0,0.7675,0.958,0.042,53,0.4028,30M_30N_5T,Large,49
171.0,58.3146,0.341,3960.0,1.0,0.341,0.659,63,0.6358,30M_30N_10T,Large,0
183.0,82.1727,0.449,3460.0,1.0,0.449,0.551,59,0.6667,30M_30N_10T,Large,1
160.0,48.1504,0.3009,3760.0,1.0,0.3009,0.6991,56,0.5363,30M_30N_10T,Large,2
165.0,52.2854,0.3169,3230.0,1.0,0.3169,0.6831,57,0.5535,30M_30N_10T,Large,3
190.0,65.5622,0.3451,3730.0,1.0,0.3451,0.6549,67,0.5857,30M_30N_10T,Large,4
177.0,63.3082,0.3577,4320.0,1.0,0.3577,0.6423,64,1.0998,30M_30N_10T,Large,5
169.0,51.2573,0.3033,3390.0,1.0,0.3033,0.6967,61,1.2075,30M_30N_10T,Large,6
156.0,41.6715,0.2671,2760.0,1.0,0.2671,0.7329,54,1.0953,30M_30N_10T,Large,7
189.0,74.6203,0.3948,3560.0,1.0,0.3948,0.6052,56,0.7085,30M_30N_10T,Large,8
169.0,113.7567,0.6731,2430.0,0.6983,0.6731,0.3269,37,0.7114,30M_30N_10T,Large,9
135.0,41.5234,0.3076,3700.0,1.0,0.3076,0.6924,60,0.598,30M_30N_10T,Large,10
153.0,63.776,0.4168,3260.0,1.0,0.4168,0.5832,62,0.5612,30M_30N_10T,Large,11
189.0,52.8743,0.2798,4030.0,1.0,0.2798,0.7202,71,0.5732,30M_30N_10T,Large,12
193.0,69.3485,0.3593,3310.0,1.0,0.3593,0.6407,54,0.539,30M_30N_10T,Large,13
167.0,54.5009,0.3264,3200.0,1.0,0.3264,0.6736,58,0.5618,30M_30N_10T,Large,14
182.0,53.7901,0.2955,4250.0,1.0,0.2955,0.7045,69,0.5546,30M_30N_10T,Large,15
158.0,60.339,0.3819,4090.0,1.0,0.3819,0.6181,64,0.5392,30M_30N_10T,Large,16
167.0,36.9136,0.221,3920.0,0.9849,0.221,0.779,65,0.571,30M_30N_10T,Large,17
154.0,49.974,0.3245,3650.0,0.9812,0.3245,0.6755,59,0.581,30M_30N_10T,Large,18
167.0,116.8976,0.7,2050.0,0.5959,0.7,0.3,39,0.6605,30M_30N_10T,Large,19
147.0,35.0177,0.2382,3680.0,1.0,0.2382,0.7618,65,0.6253,30M_30N_10T,Large,20
171.0,122.3319,0.7154,2480.0,0.7045,0.7154,0.2846,41,0.707,30M_30N_10T,Large,21
157.0,117.6906,0.7496,1200.0,0.4181,0.7496,0.2504,23,0.6343,30M_30N_10T,Large,22
167.0,47.3333,0.2834,3430.0,1.0,0.2834,0.7166,54,0.7501,30M_30N_10T,Large,23
171.0,68.3884,0.3999,3730.0,1.0,0.3999,0.6001,64,1.2333,30M_30N_10T,Large,24
176.0,61.3961,0.3488,3610.0,1.0,0.3488,0.6512,63,0.7336,30M_30N_10T,Large,25
178.0,69.9632,0.3931,3160.0,1.0,0.3931,0.6069,52,1.1485,30M_30N_10T,Large,26
158.0,75.7839,0.4796,3780.0,1.0,0.4796,0.5204,57,1.2063,30M_30N_10T,Large,27
170.0,101.0566,0.5945,2690.0,0.6793,0.5945,0.4055,45,1.0162,30M_30N_10T,Large,28
161.0,52.9388,0.3288,3590.0,1.0,0.3288,0.6712,62,1.0995,30M_30N_10T,Large,29
181.0,73.4684,0.4059,3580.0,1.0,0.4059,0.5941,56,1.2496,30M_30N_10T,Large,30
156.0,104.1064,0.6673,2500.0,0.6394,0.6673,0.3327,40,1.0354,30M_30N_10T,Large,31
150.0,111.6385,0.7443,1750.0,0.5287,0.7443,0.2557,32,0.7198,30M_30N_10T,Large,32
158.0,96.5272,0.6109,2490.0,0.6014,0.6109,0.3891,40,0.7289,30M_30N_10T,Large,33
183.0,77.2668,0.4222,3270.0,1.0,0.4222,0.5778,57,0.8253,30M_30N_10T,Large,34
188.0,73.1486,0.3891,3160.0,1.0,0.3891,0.6109,52,1.2413,30M_30N_10T,Large,35
164.0,48.6851,0.2969,3310.0,1.0,0.2969,0.7031,55,0.6051,30M_30N_10T,Large,36
175.0,66.1959,0.3783,2690.0,1.0,0.3783,0.6217,45,0.5371,30M_30N_10T,Large,37
157.0,72.4505,0.4615,3950.0,1.0,0.4615,0.5385,59,0.5462,30M_30N_10T,Large,38
182.0,64.6574,0.3553,2940.0,1.0,0.3553,0.6447,52,0.5494,30M_30N_10T,Large,39
177.0,76.1877,0.4304,2930.0,1.0,0.4304,0.5696,58,0.5333,30M_30N_10T,Large,40
201.0,81.7876,0.4069,3280.0,1.0,0.4069,0.5931,61,0.5384,30M_30N_10T,Large,41
164.0,48.6133,0.2964,4010.0,1.0,0.2964,0.7036,63,0.5436,30M_30N_10T,Large,42
173.0,50.5293,0.2921,2930.0,1.0,0.2921,0.7079,52,0.5267,30M_30N_10T,Large,43
188.0,50.6953,0.2697,4060.0,1.0,0.2697,0.7303,68,0.5623,30M_30N_10T,Large,44
183.0,53.8086,0.294,3410.0,1.0,0.294,0.706,63,0.7406,30M_30N_10T,Large,45
135.0,34.1823,0.2532,3800.0,1.0,0.2532,0.7468,62,0.7506,30M_30N_10T,Large,46
158.0,38.7754,0.2454,4130.0,1.0,0.2454,0.7546,61,0.7439,30M_30N_10T,Large,47
145.0,58.1961,0.4014,4030.0,1.0,0.4014,0.5986,64,0.8005,30M_30N_10T,Large,48
162.0,59.808,0.3692,4350.0,1.0,0.3692,0.6308,62,1.2117,30M_30N_10T,Large,49
283.0,122.5605,0.4331,6290.0,1.0,0.4331,0.5669,111,0.9215,50M_50N_10T,Large,0
241.0,92.3367,0.3831,6440.0,1.0,0.3831,0.6169,101,0.9426,50M_50N_10T,Large,1
285.0,106.8567,0.3749,6120.0,1.0,0.3749,0.6251,105,1.2297,50M_50N_10T,Large,2
255.0,193.9144,0.7604,3650.0,0.6315,0.7604,0.2396,62,1.1256,50M_50N_10T,Large,3
309.0,115.7383,0.3746,5670.0,1.0,0.3746,0.6254,100,0.9058,50M_50N_10T,Large,4
276.0,200.1111,0.725,3860.0,0.6678,0.725,0.275,68,0.8518,50M_50N_10T,Large,5
293.0,124.2607,0.4241,5560.0,1.0,0.4241,0.5759,93,1.9072,50M_50N_10T,Large,6
262.0,112.5634,0.4296,6070.0,1.0,0.4296,0.5704,103,1.222,50M_50N_10T,Large,7
313.0,142.8223,0.4563,5450.0,1.0,0.4563,0.5437,104,1.2125,50M_50N_10T,Large,8
252.0,94.9715,0.3769,6310.0,1.0,0.3769,0.6231,102,1.1267,50M_50N_10T,Large,9
265.0,87.3418,0.3296,6570.0,1.0,0.3296,0.6704,109,0.9666,50M_50N_10T,Large,10
242.0,203.6046,0.8413,3010.0,0.6206,0.8413,0.1587,51,0.8439,50M_50N_10T,Large,11
313.0,142.2039,0.4543,6480.0,1.0,0.4543,0.5457,102,0.8995,50M_50N_10T,Large,12
281.0,136.3504,0.4852,5890.0,1.0,0.4852,0.5148,100,2.0682,50M_50N_10T,Large,13
284.0,108.8505,0.3833,6260.0,1.0,0.3833,0.6167,101,1.2157,50M_50N_10T,Large,14
286.0,108.4425,0.3792,6030.0,1.0,0.3792,0.6208,100,1.1002,50M_50N_10T,Large,15
288.0,91.106,0.3163,6430.0,1.0,0.3163,0.6837,102,0.9508,50M_50N_10T,Large,16
278.0,149.1515,0.5365,5020.0,1.0,0.5365,0.4635,87,0.8838,50M_50N_10T,Large,17
277.0,116.9954,0.4224,5710.0,1.0,0.4224,0.5776,92,0.9384,50M_50N_10T,Large,18
245.0,101.2613,0.4133,5380.0,1.0,0.4133,0.5867,93,0.9099,50M_50N_10T,Large,19
285.0,131.0165,0.4597,6610.0,1.0,0.4597,0.5403,97,0.9316,50M_50N_10T,Large,20
272.0,87.6916,0.3224,5730.0,1.0,0.3224,0.6776,108,0.9121,50M_50N_10T,Large,21
291.0,134.5438,0.4623,6460.0,1.0,0.4623,0.5377,103,1.2472,50M_50N_10T,Large,22
266.0,122.5637,0.4608,5880.0,1.0,0.4608,0.5392,101,0.9396,50M_50N_10T,Large,23
278.0,119.4764,0.4298,6300.0,1.0,0.4298,0.5702,108,0.9121,50M_50N_10T,Large,24
278.0,162.4832,0.5845,3800.0,0.6934,0.5845,0.4155,73,0.8992,50M_50N_10T,Large,25
271.0,80.8206,0.2982,5280.0,1.0,0.2982,0.7018,94,0.9334,50M_50N_10T,Large,26
301.0,104.8014,0.3482,5810.0,1.0,0.3482,0.6518,98,1.0993,50M_50N_10T,Large,27
267.0,90.2081,0.3379,5670.0,1.0,0.3379,0.6621,104,1.2475,50M_50N_10T,Large,28
253.0,81.3109,0.3214,5950.0,1.0,0.3214,0.6786,99,1.081,50M_50N_10T,Large,29
284.0,121.9601,0.4294,5950.0,1.0,0.4294,0.5706,98,0.9557,50M_50N_10T,Large,30
295.0,131.4878,0.4457,5450.0,1.0,0.4457,0.5543,95,0.9187,50M_50N_10T,Large,31
301.0,232.8054,0.7734,4590.0,0.68,0.7734,0.2266,76,0.9137,50M_50N_10T,Large,32
268.0,100.3934,0.3746,5730.0,1.0,0.3746,0.6254,94,1.1315,50M_50N_10T,Large,33
266.0,119.4436,0.449,5410.0,1.0,0.449,0.551,89,1.1327,50M_50N_10T,Large,34
250.0,192.5541,0.7702,3820.0,0.6025,0.7702,0.2298,61,1.0802,50M_50N_10T,Large,35
293.0,143.8753,0.491,4640.0,1.0,0.491,0.509,93,1.2175,50M_50N_10T,Large,36
240.0,113.7218,0.4738,5960.0,1.0,0.4738,0.5262,105,0.9393,50M_50N_10T,Large,37
269.0,246.3767,0.9159,3540.0,0.6288,0.9159,0.0841,63,1.4471,50M_50N_10T,Large,38
251.0,126.739,0.5049,6490.0,1.0,0.5049,0.4951,109,2.1423,50M_50N_10T,Large,39
285.0,238.1526,0.8356,3870.0,0.6153,0.8356,0.1644,61,0.9466,50M_50N_10T,Large,40
275.0,174.8849,0.6359,4560.0,0.7716,0.6359,0.3641,78,0.9873,50M_50N_10T,Large,41
281.0,123.1158,0.4381,5950.0,1.0,0.4381,0.5619,104,0.9722,50M_50N_10T,Large,42
277.0,132.6984,0.4791,5980.0,1.0,0.4791,0.5209,97,0.9025,50M_50N_10T,Large,43
273.0,188.4324,0.6902,4370.0,0.686,0.6902,0.3098,70,0.863,50M_50N_10T,Large,44
271.0,126.5642,0.467,5910.0,1.0,0.467,0.533,100,0.8864,50M_50N_10T,Large,45
283.0,235.3866,0.8318,4350.0,0.6651,0.8318,0.1682,67,0.8476,50M_50N_10T,Large,46
300.0,139.0442,0.4635,6030.0,1.0,0.4635,0.5365,104,1.05,50M_50N_10T,Large,47
282.0,106.1028,0.3763,6320.0,1.0,0.3763,0.6237,103,1.1731,50M_50N_10T,Large,48
283.0,108.0982,0.382,6390.0,1.0,0.382,0.618,105,0.9075,50M_50N_10T,Large,49
